#
# A fatal error has been detected by the Java Runtime Environment:
#
#  EXCEPTION_UNCAUGHT_CXX_EXCEPTION (0xe06d7363) at pc=0x00007ff8894dab6a, pid=8528, tid=5932
#
# JRE version: OpenJDK Runtime Environment Corretto-21.0.6.7.1 (21.0.6+7) (build 21.0.6+7-LTS)
# Java VM: OpenJDK 64-Bit Server VM Corretto-21.0.6.7.1 (21.0.6+7-LTS, mixed mode, emulated-client, sharing, tiered, compressed oops, compressed class ptrs, g1 gc, windows-amd64)
# Problematic frame:
# C  [KERNELBASE.dll+0xcab6a]
#
# No core dump will be written. Minidumps are not enabled by default on client versions of Windows
#
# If you would like to submit a bug report, please visit:
#   https://github.com/corretto/corretto-21/issues/
# The crash happened outside the Java Virtual Machine in native code.
# See problematic frame for where to report the bug.
#

---------------  S U M M A R Y ------------

Command Line: -XX:TieredStopAtLevel=1 -Dspring.output.ansi.enabled=always -Dcom.sun.management.jmxremote -Dspring.jmx.enabled=true -Dspring.liveBeansView.mbeanDomain -Dspring.application.admin.enabled=true -Dmanagement.endpoints.jmx.exposure.include=* -javaagent:D:\Apps\Jetbrains\IntelliJ IDEA Ultimate\lib\idea_rt.jar=56832 -Dfile.encoding=UTF-8 -Dsun.stdout.encoding=UTF-8 -Dsun.stderr.encoding=UTF-8 com.example.majorapplication.MajorApplicationKt

Host: AMD Ryzen 7 5800H with Radeon Graphics         , 16 cores, 15G,  Windows 11 , 64 bit Build 26100 (10.0.26100.3323)
Time: Sun Mar 23 15:31:12 2025 India Standard Time elapsed time: 28.216399 seconds (0d 0h 0m 28s)

---------------  T H R E A D  ---------------

Current thread (0x000001300dc073f0):  JavaThread "http-nio-8080-exec-1" daemon [_thread_in_native, id=5932, stack(0x0000001790700000,0x0000001790800000) (1024K)]

Stack: [0x0000001790700000,0x0000001790800000],  sp=0x00000017907fbe00,  free space=1007k
Native frames: (J=compiled Java code, j=interpreted, Vv=VM code, C=native code)
C  [KERNELBASE.dll+0xcab6a]
C  [VCRUNTIME140.dll+0x6480]
C  [zkp_proximity.dll+0x134560]

Java frames: (J=compiled Java code, j=interpreted, Vv=VM code)
j  com.example.majorapplication.zkp.Verifier.startVerification(Lcom/example/majorapplication/zkp/ProofData;)Z+0
j  com.example.majorapplication.zkp.Verifier.VerifyProof(Lcom/example/majorapplication/zkp/ProofData;)Z+8
j  com.example.majorapplication.controllers.DataController.verifierCheck()V+16
j  java.lang.invoke.LambdaForm$DMH+0x0000012fc72a8400.invokeVirtual(Ljava/lang/Object;Ljava/lang/Object;)V+10 java.base@21.0.6
j  java.lang.invoke.LambdaForm$MH+0x0000012fc7304800.invoke(Ljava/lang/Object;Ljava/lang/Object;)Ljava/lang/Object;+31 java.base@21.0.6
J 4695 c1 jdk.internal.reflect.DirectMethodHandleAccessor.invoke(Ljava/lang/Object;[Ljava/lang/Object;)Ljava/lang/Object; java.base@21.0.6 (92 bytes) @ 0x0000012fbb73fb9c [0x0000012fbb73f820+0x000000000000037c]
J 4769 c1 java.lang.reflect.Method.invoke(Ljava/lang/Object;[Ljava/lang/Object;)Ljava/lang/Object; java.base@21.0.6 (108 bytes) @ 0x0000012fbb75c15c [0x0000012fbb75bf80+0x00000000000001dc]
j  kotlin.reflect.jvm.internal.calls.CallerImpl$Method.callMethod(Ljava/lang/Object;[Ljava/lang/Object;)Ljava/lang/Object;+20
j  kotlin.reflect.jvm.internal.calls.CallerImpl$Method$Instance.call([Ljava/lang/Object;)Ljava/lang/Object;+57
j  kotlin.reflect.jvm.internal.KCallableImpl.callDefaultMethod$kotlin_reflection(Ljava/util/Map;Lkotlin/coroutines/Continuation;)Ljava/lang/Object;+464
j  kotlin.reflect.jvm.internal.KCallableImpl.callBy(Ljava/util/Map;)Ljava/lang/Object;+24
j  org.springframework.web.method.support.InvocableHandlerMethod$KotlinDelegate.invokeFunction(Ljava/lang/reflect/Method;Ljava/lang/Object;[Ljava/lang/Object;)Ljava/lang/Object;+270
j  org.springframework.web.method.support.InvocableHandlerMethod.doInvoke([Ljava/lang/Object;)Ljava/lang/Object;+45
j  org.springframework.web.method.support.InvocableHandlerMethod.invokeForRequest(Lorg/springframework/web/context/request/NativeWebRequest;Lorg/springframework/web/method/support/ModelAndViewContainer;[Ljava/lang/Object;)Ljava/lang/Object;+82
j  org.springframework.web.servlet.mvc.method.annotation.ServletInvocableHandlerMethod.invokeAndHandle(Lorg/springframework/web/context/request/ServletWebRequest;Lorg/springframework/web/method/support/ModelAndViewContainer;[Ljava/lang/Object;)V+4
j  org.springframework.web.servlet.mvc.method.annotation.RequestMappingHandlerAdapter.invokeHandlerMethod(Ljakarta/servlet/http/HttpServletRequest;Ljakarta/servlet/http/HttpServletResponse;Lorg/springframework/web/method/HandlerMethod;)Lorg/springframework/web/servlet/ModelAndView;+309
j  org.springframework.web.servlet.mvc.method.annotation.RequestMappingHandlerAdapter.handleInternal(Ljakarta/servlet/http/HttpServletRequest;Ljakarta/servlet/http/HttpServletResponse;Lorg/springframework/web/method/HandlerMethod;)Lorg/springframework/web/servlet/ModelAndView;+81
j  org.springframework.web.servlet.mvc.method.AbstractHandlerMethodAdapter.handle(Ljakarta/servlet/http/HttpServletRequest;Ljakarta/servlet/http/HttpServletResponse;Ljava/lang/Object;)Lorg/springframework/web/servlet/ModelAndView;+7
j  org.springframework.web.servlet.DispatcherServlet.doDispatch(Ljakarta/servlet/http/HttpServletRequest;Ljakarta/servlet/http/HttpServletResponse;)V+304
j  org.springframework.web.servlet.DispatcherServlet.doService(Ljakarta/servlet/http/HttpServletRequest;Ljakarta/servlet/http/HttpServletResponse;)V+242
j  org.springframework.web.servlet.FrameworkServlet.processRequest(Ljakarta/servlet/http/HttpServletRequest;Ljakarta/servlet/http/HttpServletResponse;)V+70
j  org.springframework.web.servlet.FrameworkServlet.doGet(Ljakarta/servlet/http/HttpServletRequest;Ljakarta/servlet/http/HttpServletResponse;)V+3
j  jakarta.servlet.http.HttpServlet.service(Ljakarta/servlet/http/HttpServletRequest;Ljakarta/servlet/http/HttpServletResponse;)V+35
j  org.springframework.web.servlet.FrameworkServlet.service(Ljakarta/servlet/http/HttpServletRequest;Ljakarta/servlet/http/HttpServletResponse;)V+20
j  jakarta.servlet.http.HttpServlet.service(Ljakarta/servlet/ServletRequest;Ljakarta/servlet/ServletResponse;)V+37
j  org.apache.catalina.core.ApplicationFilterChain.internalDoFilter(Ljakarta/servlet/ServletRequest;Ljakarta/servlet/ServletResponse;)V+300
j  org.apache.catalina.core.ApplicationFilterChain.doFilter(Ljakarta/servlet/ServletRequest;Ljakarta/servlet/ServletResponse;)V+99
j  org.apache.tomcat.websocket.server.WsFilter.doFilter(Ljakarta/servlet/ServletRequest;Ljakarta/servlet/ServletResponse;Ljakarta/servlet/FilterChain;)V+21
j  org.apache.catalina.core.ApplicationFilterChain.internalDoFilter(Ljakarta/servlet/ServletRequest;Ljakarta/servlet/ServletResponse;)V+130
j  org.apache.catalina.core.ApplicationFilterChain.doFilter(Ljakarta/servlet/ServletRequest;Ljakarta/servlet/ServletResponse;)V+99
j  org.springframework.web.filter.RequestContextFilter.doFilterInternal(Ljakarta/servlet/http/HttpServletRequest;Ljakarta/servlet/http/HttpServletResponse;Ljakarta/servlet/FilterChain;)V+21
j  org.springframework.web.filter.OncePerRequestFilter.doFilter(Ljakarta/servlet/ServletRequest;Ljakarta/servlet/ServletResponse;Ljakarta/servlet/FilterChain;)V+150
j  org.apache.catalina.core.ApplicationFilterChain.internalDoFilter(Ljakarta/servlet/ServletRequest;Ljakarta/servlet/ServletResponse;)V+130
j  org.apache.catalina.core.ApplicationFilterChain.doFilter(Ljakarta/servlet/ServletRequest;Ljakarta/servlet/ServletResponse;)V+99
j  org.springframework.web.filter.FormContentFilter.doFilterInternal(Ljakarta/servlet/http/HttpServletRequest;Ljakarta/servlet/http/HttpServletResponse;Ljakarta/servlet/FilterChain;)V+38
j  org.springframework.web.filter.OncePerRequestFilter.doFilter(Ljakarta/servlet/ServletRequest;Ljakarta/servlet/ServletResponse;Ljakarta/servlet/FilterChain;)V+150
j  org.apache.catalina.core.ApplicationFilterChain.internalDoFilter(Ljakarta/servlet/ServletRequest;Ljakarta/servlet/ServletResponse;)V+130
j  org.apache.catalina.core.ApplicationFilterChain.doFilter(Ljakarta/servlet/ServletRequest;Ljakarta/servlet/ServletResponse;)V+99
j  org.springframework.web.filter.CharacterEncodingFilter.doFilterInternal(Ljakarta/servlet/http/HttpServletRequest;Ljakarta/servlet/http/HttpServletResponse;Ljakarta/servlet/FilterChain;)V+53
j  org.springframework.web.filter.OncePerRequestFilter.doFilter(Ljakarta/servlet/ServletRequest;Ljakarta/servlet/ServletResponse;Ljakarta/servlet/FilterChain;)V+150
j  org.apache.catalina.core.ApplicationFilterChain.internalDoFilter(Ljakarta/servlet/ServletRequest;Ljakarta/servlet/ServletResponse;)V+130
j  org.apache.catalina.core.ApplicationFilterChain.doFilter(Ljakarta/servlet/ServletRequest;Ljakarta/servlet/ServletResponse;)V+99
j  org.apache.catalina.core.StandardWrapperValve.invoke(Lorg/apache/catalina/connector/Request;Lorg/apache/catalina/connector/Response;)V+514
j  org.apache.catalina.core.StandardContextValve.invoke(Lorg/apache/catalina/connector/Request;Lorg/apache/catalina/connector/Response;)V+169
j  org.apache.catalina.authenticator.AuthenticatorBase.invoke(Lorg/apache/catalina/connector/Request;Lorg/apache/catalina/connector/Response;)V+221
j  org.apache.catalina.core.StandardHostValve.invoke(Lorg/apache/catalina/connector/Request;Lorg/apache/catalina/connector/Response;)V+131
j  org.apache.catalina.valves.ErrorReportValve.invoke(Lorg/apache/catalina/connector/Request;Lorg/apache/catalina/connector/Response;)V+6
j  org.apache.catalina.core.StandardEngineValve.invoke(Lorg/apache/catalina/connector/Request;Lorg/apache/catalina/connector/Response;)V+59
j  org.apache.catalina.connector.CoyoteAdapter.service(Lorg/apache/coyote/Request;Lorg/apache/coyote/Response;)V+188
j  org.apache.coyote.http11.Http11Processor.service(Lorg/apache/tomcat/util/net/SocketWrapperBase;)Lorg/apache/tomcat/util/net/AbstractEndpoint$Handler$SocketState;+796
j  org.apache.coyote.AbstractProcessorLight.process(Lorg/apache/tomcat/util/net/SocketWrapperBase;Lorg/apache/tomcat/util/net/SocketEvent;)Lorg/apache/tomcat/util/net/AbstractEndpoint$Handler$SocketState;+155
j  org.apache.coyote.AbstractProtocol$ConnectionHandler.process(Lorg/apache/tomcat/util/net/SocketWrapperBase;Lorg/apache/tomcat/util/net/SocketEvent;)Lorg/apache/tomcat/util/net/AbstractEndpoint$Handler$SocketState;+482
j  org.apache.tomcat.util.net.NioEndpoint$SocketProcessor.doRun()V+249
j  org.apache.tomcat.util.net.SocketProcessorBase.run()V+32
j  org.apache.tomcat.util.threads.ThreadPoolExecutor.runWorker(Lorg/apache/tomcat/util/threads/ThreadPoolExecutor$Worker;)V+92
j  org.apache.tomcat.util.threads.ThreadPoolExecutor$Worker.run()V+5
j  org.apache.tomcat.util.threads.TaskThread$WrappingRunnable.run()V+4
j  java.lang.Thread.runWith(Ljava/lang/Object;Ljava/lang/Runnable;)V+5 java.base@21.0.6
j  java.lang.Thread.run()V+19 java.base@21.0.6
v  ~StubRoutines::call_stub 0x0000012fba95100d

siginfo: EXCEPTION_UNCAUGHT_CXX_EXCEPTION (0xe06d7363), ExceptionInformation=0x0000000019930520 0x00000017907fbf88 0x00007fffe554f1e8 0x00007fffe53c0000 


Registers:
RAX=0x00007fffe53d750e, RBX=0x00000017907fbf28, RCX=0x0000002500000003, RDX=0x00007fffe53d17ad
RSP=0x00000017907fbe00, RBP=0x0000000000000004, RSI=0x0000000000000001, RDI=0x00000000e06d7363
R8 =0x00007fffe5b88d10, R9 =0x0000002500000003, R10=0x00007fffe53cd3ce, R11=0x0000000000000001
R12=0x0000000000000000, R13=0x000001300a6e4b00, R14=0x00000017907fd100, R15=0x00007fffe550a800
RIP=0x00007ff8894dab6a, EFLAGS=0x0000000000000206

XMM[0]=0x0000012fba9c1700 0x0000012fba9c1400
XMM[1]=0x0000012fba9c1d00 0x0000012fba9c1a00
XMM[2]=0x0000000000000000 0x0000000000000001
XMM[3]=0x000000000000001e 0x000000000000000f
XMM[4]=0x00007ff88950881c 0x00000000c0000008
XMM[5]=0x0000012fc0000008 0x00000130c0000008
XMM[6]=0x0000000000000000 0x0000000000000000
XMM[7]=0x0000000000000000 0x0000000000000000
XMM[8]=0x0000000000000000 0x0000000000000000
XMM[9]=0x0000000000000000 0x0000000000000000
XMM[10]=0x0000000000000000 0x0000000000000000
XMM[11]=0x0000000000000000 0x0000000000000000
XMM[12]=0x0000000000000000 0x0000000000000000
XMM[13]=0x0000000000000000 0x0000000000000000
XMM[14]=0x0000000000000000 0x0000000000000000
XMM[15]=0x0000000000000000 0x0000000000000000
  MXCSR=0x00001fa0


Register to memory mapping:

RAX=0x00007fffe53d750e zkp_proximity.dll
RBX=0x00000017907fbf28 is pointing into the stack for thread: 0x000001300dc073f0
RCX=0x0000002500000003 is an unknown value
RDX=0x00007fffe53d17ad zkp_proximity.dll
RSP=0x00000017907fbe00 is pointing into the stack for thread: 0x000001300dc073f0
RBP=0x0000000000000004 is an unknown value
RSI=0x0000000000000001 is an unknown value
RDI=0x00000000e06d7363 is an unknown value
R8 =0x00007fffe5b88d10 jvm.dll
R9 =0x0000002500000003 is an unknown value
R10=0x00007fffe53cd3ce zkp_proximity.dll
R11=0x0000000000000001 is an unknown value
R12=0x0 is null
R13=0x000001300a6e4b00 is pointing into metadata
R14=0x00000017907fd100 is pointing into the stack for thread: 0x000001300dc073f0
R15=0x00007fffe550a800 zkp_proximity.dll

Top of Stack: (sp=0x00000017907fbe00)
0x00000017907fbe00:   0000000000000000 00000017907fbf28
0x00000017907fbe10:   0000000000000001 0000000000000000
0x00000017907fbe20:   00000081e06d7363 0000000000000000
0x00000017907fbe30:   00007ff8894dab6a 0000000000000004
0x00000017907fbe40:   0000000019930520 00000017907fbf88
0x00000017907fbe50:   00007fffe554f1e8 00007fffe53c0000
0x00000017907fbe60:   0000000000000000 0000000000000000
0x00000017907fbe70:   0000000000000000 0000000000000000
0x00000017907fbe80:   0000000000000000 0000000000000000
0x00000017907fbe90:   0000000000000000 0000000000000000
0x00000017907fbea0:   0000000000000000 0000000000000000
0x00000017907fbeb0:   0000000000000000 0000000000000056
0x00000017907fbec0:   00004698f4cb7e1e 00000017907fbfa0
0x00000017907fbed0:   00007fffe5550000 0000000019930520
0x00000017907fbee0:   00000017907fbf88 00000017907fbfa0
0x00000017907fbef0:   00007fffe554f1e8 00007ff867446480
0x00000017907fbf00:   0000000000000000 00007fffe54ee3a2
0x00000017907fbf10:   00007fffe554f14b 01007fffe54f1511
0x00000017907fbf20:   00007fffe53c0000 0000000019930520
0x00000017907fbf30:   00000017907fbf88 00007fffe554f1e8
0x00000017907fbf40:   00007fffe53c0000 00000017907fd100
0x00000017907fbf50:   00007fffe551fa28 00007fffe54f4560
0x00000017907fbf60:   00000017907fbfd0 0000000000000001
0x00000017907fbf70:   0000000000000001 00000017907fc158
0x00000017907fbf80:   00007fffe551f8d0 00007fffe554f040
0x00000017907fbf90:   000001300ea60730 00007fffe551f9b0
0x00000017907fbfa0:   00000017907fc030 00007fffe54f1815
0x00000017907fbfb0:   000001300b389040 0000000000000044
0x00000017907fbfc0:   0000000000000000 00007fffe5b81100
0x00000017907fbfd0:   00007fffe550a800 0000000000000002
0x00000017907fbfe0:   0000000000000044 0000000000000002
0x00000017907fbff0:   0000000000000000 0000000000000000 

Instructions: (pc=0x00007ff8894dab6a)
0x00007ff8894daa6a:   00 e8 40 eb fd ff 48 8b cb e8 a8 28 fa ff 48 85
0x00007ff8894daa7a:   f6 74 08 48 8b ce e8 9b 28 fa ff 48 85 ff 74 08
0x00007ff8894daa8a:   48 8b cf e8 8e 28 fa ff 8b 4c 24 40 48 ff 15 7b
0x00007ff8894daa9a:   91 1b 00 0f 1f 44 00 00 90 48 8b 8c 24 a0 02 00
0x00007ff8894daaaa:   00 48 33 cc e8 ad 33 0c 00 4c 8d 9c 24 b0 02 00
0x00007ff8894daaba:   00 49 8b 5b 38 49 8b 73 40 49 8b e3 41 5f 41 5e
0x00007ff8894daaca:   41 5d 41 5c 5f c3 cc cc cc cc cc cc cc cc cc cc
0x00007ff8894daada:   cc cc cc cc cc cc 40 53 55 56 57 48 81 ec d8 00
0x00007ff8894daaea:   00 00 48 8b 05 dd f5 2a 00 48 33 c4 48 89 84 24
0x00007ff8894daafa:   c0 00 00 00 8b f2 41 8b e8 33 d2 8b f9 48 8d 4c
0x00007ff8894dab0a:   24 3c 49 8b d9 44 8d 42 7c e8 e9 47 06 00 33 c9
0x00007ff8894dab1a:   89 7c 24 20 83 e6 01 48 89 4c 24 28 89 74 24 24
0x00007ff8894dab2a:   48 8d 05 af ff ff ff 48 89 44 24 30 48 85 db 74
0x00007ff8894dab3a:   51 41 b8 0f 00 00 00 48 8d 4c 24 40 41 3b e8 48
0x00007ff8894dab4a:   8b d3 44 0f 46 c5 44 89 44 24 38 49 c1 e0 03 e8
0x00007ff8894dab5a:   b9 32 0c 00 48 8d 4c 24 20 48 ff 15 de 97 1b 00
0x00007ff8894dab6a:   0f 1f 44 00 00 48 8b 8c 24 c0 00 00 00 48 33 cc
0x00007ff8894dab7a:   e8 e1 32 0c 00 48 81 c4 d8 00 00 00 5f 5e 5d 5b
0x00007ff8894dab8a:   c3 cc 89 4c 24 38 eb cc cc cc cc cc cc cc cc cc
0x00007ff8894dab9a:   cc cc cc cc cc cc 48 83 ec 28 48 ff 15 35 99 1b
0x00007ff8894dabaa:   00 0f 1f 44 00 00 85 c0 78 0b b8 01 00 00 00 48
0x00007ff8894dabba:   83 c4 28 c3 cc 8b c8 e8 8a 2a f8 ff 33 c0 eb ef
0x00007ff8894dabca:   cc cc cc cc cc cc 48 83 ec 28 4c 8b d9 48 85 c9
0x00007ff8894dabda:   0f 84 8f 00 00 00 b8 55 00 00 00 4c 8d 15 ac f7
0x00007ff8894dabea:   1b 00 4c 8b c9 85 c0 7f 28 66 41 83 39 00 75 07
0x00007ff8894dabfa:   66 41 83 3a 00 74 6e 33 d2 49 8b cb e8 b5 16 f8
0x00007ff8894dac0a:   ff 33 c9 48 85 c0 0f 95 c1 8b c1 48 83 c4 28 c3
0x00007ff8894dac1a:   cc 41 0f b7 11 66 85 d2 74 cf 45 0f b7 02 66 45
0x00007ff8894dac2a:   85 c0 74 d3 8d 4a bf 66 83 f9 19 77 04 66 83 ca
0x00007ff8894dac3a:   20 41 8d 48 bf 66 83 f9 19 76 2e 66 83 fa 5f 75
0x00007ff8894dac4a:   05 ba 2d 00 00 00 66 41 83 f8 5f 75 06 41 b8 2d
0x00007ff8894dac5a:   00 00 00 66 41 3b d0 75 9e ff c8 49 83 c1 02 49 


Stack slot to memory mapping:

stack at sp + 0 slots: 0x0 is null
stack at sp + 1 slots: 0x00000017907fbf28 is pointing into the stack for thread: 0x000001300dc073f0
stack at sp + 2 slots: 0x0000000000000001 is an unknown value
stack at sp + 3 slots: 0x0 is null
stack at sp + 4 slots: 0x00000081e06d7363 is an unknown value
stack at sp + 5 slots: 0x0 is null
stack at sp + 6 slots: 0x00007ff8894dab6a KERNELBASE.dll
stack at sp + 7 slots: 0x0000000000000004 is an unknown value


Compiled method (c1) 28268 4695   !   1       jdk.internal.reflect.DirectMethodHandleAccessor::invoke (92 bytes)
 total in heap  [0x0000012fbb73f490,0x0000012fbb741390] = 7936
 relocation     [0x0000012fbb73f5f0,0x0000012fbb73f808] = 536
 main code      [0x0000012fbb73f820,0x0000012fbb740310] = 2800
 stub code      [0x0000012fbb740310,0x0000012fbb740420] = 272
 oops           [0x0000012fbb740420,0x0000012fbb740430] = 16
 metadata       [0x0000012fbb740430,0x0000012fbb740498] = 104
 scopes data    [0x0000012fbb740498,0x0000012fbb7407d8] = 832
 scopes pcs     [0x0000012fbb7407d8,0x0000012fbb740bb8] = 992
 dependencies   [0x0000012fbb740bb8,0x0000012fbb740bc0] = 8
 handler table  [0x0000012fbb740bc0,0x0000012fbb7412e0] = 1824
 nul chk table  [0x0000012fbb7412e0,0x0000012fbb741390] = 176

[Constant Pool (empty)]

[MachCode]
[Entry Point]
  # {method} {0x0000012fc619dee8} 'invoke' '(Ljava/lang/Object;[Ljava/lang/Object;)Ljava/lang/Object;' in 'jdk/internal/reflect/DirectMethodHandleAccessor'
  # this:     rdx:rdx   = 'jdk/internal/reflect/DirectMethodHandleAccessor'
  # parm0:    r8:r8     = 'java/lang/Object'
  # parm1:    r9:r9     = '[Ljava/lang/Object;'
  #           [sp+0x180]  (sp of caller)
  0x0000012fbb73f820: 448b 5208 | 49bb 0000 | 00c6 2f01 | 0000 4d03 | d34c 3bd0 

  0x0000012fbb73f834: ;   {runtime_call ic_miss_stub}
  0x0000012fbb73f834: 0f85 46ef | 25ff 660f | 1f44 0000 
[Verified Entry Point]
  0x0000012fbb73f840: 8984 2400 | 80ff ff55 | 4881 ec70 | 0100 0090 | 4181 7f20 | 0900 0000 

  0x0000012fbb73f858: ;   {runtime_call StubRoutines (final stubs)}
  0x0000012fbb73f858: 7405 e801 | 5524 ff48 | 8994 24b0 | 0000 004c | 8984 24c0 | 0000 004c | 898c 24b8 | 0000 008b 
  0x0000012fbb73f878: 7210 81e6 | 0002 0000 | 81fe 0002 | 0000 be00 | 0000 0075 | 05be 0100 | 0000 83e6 | 0185 f60f 
  0x0000012fbb73f898: 8547 0000 | 008b 7214 | 48c1 e603 

  0x0000012fbb73f8a4: ; implicit exception: dispatches to 0x0000012fbb7401a1
  0x0000012fbb73f8a4: 418b 7808 | 49ba 0000 | 00c6 2f01 | 0000 4903 | fa48 8b7f | 7048 8b3f 

  0x0000012fbb73f8bc: ; implicit exception: dispatches to 0x0000012fbb7401a6
  0x0000012fbb73f8bc: 483b 064c | 8bc7 488b 

  0x0000012fbb73f8c4: ;   {optimized virtual_call}
  0x0000012fbb73f8c4: d666 90e8 

  0x0000012fbb73f8c8: ; ImmutableOopMap {[176]=Oop [184]=Oop [192]=Oop }
                      ;*invokevirtual isAssignableFrom {reexecute=0 rethrow=0 return_oop=0}
                      ; - jdk.internal.reflect.DirectMethodHandleAccessor::checkReceiver@8 (line 196)
                      ; - jdk.internal.reflect.DirectMethodHandleAccessor::invoke@9 (line 99)
  0x0000012fbb73f8c8: f475 61ff 

  0x0000012fbb73f8cc: ;   {other}
  0x0000012fbb73f8cc: 0f1f 8400 | 3c04 0000 | 85c0 0f84 | 9d07 0000 | 488b 9424 | b000 0000 | 448b 420c | 498b d04c 
  0x0000012fbb73f8ec: 8b84 24b8 | 0000 000f 

  0x0000012fbb73f8f4: ;   {static_call}
  0x0000012fbb73f8f4: 1f40 00e8 

  0x0000012fbb73f8f8: ; ImmutableOopMap {[176]=Oop [184]=Oop [192]=Oop }
                      ;*invokestatic checkArgumentCount {reexecute=0 rethrow=0 return_oop=0}
                      ; - jdk.internal.reflect.DirectMethodHandleAccessor::invoke@17 (line 101)
  0x0000012fbb73f8f8: 24c0 ffff 

  0x0000012fbb73f8fc: ;   {other}
  0x0000012fbb73f8fc: 0f1f 8400 | 6c04 0001 | 488b 9424 | b000 0000 | 8b72 0c85 | f60f 841a | 0200 0083 | fe01 0f84 
  0x0000012fbb73f91c: 9901 0000 | 83fe 020f | 8400 0100 | 0083 fe03 | 0f84 5700 | 0000 8b72 | 1848 c1e6 | 0348 89b4 
  0x0000012fbb73f93c: 24c8 0000 | 008b 7e10 | 48c1 e703 

  0x0000012fbb73f948: ;   {oop(a 'java/lang/invoke/MethodType'{0x000000070bd94928} = (Ljava/lang/Object;[Ljava/lang/Object;)Ljava/lang/Object;)}
  0x0000012fbb73f948: 48bb 2849 | d90b 0700 | 0000 483b | fb0f 8534 | 0400 008b | 7e14 48c1 | e703 8b7f | 1c48 c1e7 
  0x0000012fbb73f968: 0348 85ff | 0f85 2003 | 0000 488b 

  0x0000012fbb73f974: ;   {static_call}
  0x0000012fbb73f974: d666 90e8 

  0x0000012fbb73f978: ; ImmutableOopMap {[176]=Oop [184]=Oop [192]=Oop [200]=Oop }
                      ;*invokestatic maybeCustomize {reexecute=0 rethrow=0 return_oop=0}
                      ; - java.lang.invoke.Invokers::checkCustomized@19 (line 627)
                      ; - java.lang.invoke.Invokers$Holder::invokeExact_MT@14
                      ; - jdk.internal.reflect.DirectMethodHandleAccessor::invokeImpl@104 (line 157)
                      ; - jdk.internal.reflect.DirectMethodHandleAccessor::invoke@23 (line 103)
  0x0000012fbb73f978: c48d 6aff 

  0x0000012fbb73f97c: ;   {other}
  0x0000012fbb73f97c: 0f1f 8400 | ec04 0002 | e909 0300 | 004c 8b8c | 24b8 0000 | 008b 7218 | 48c1 e603 | 4889 b424 
  0x0000012fbb73f99c: e800 0000 

  0x0000012fbb73f9a0: ; implicit exception: dispatches to 0x0000012fbb7401b5
  0x0000012fbb73f9a0: 418b 790c | bb02 0000 | 003b df0f | 8d09 0800 | 0041 8b79 | 1048 c1e7 | 0348 89bc | 24d0 0000 
  0x0000012fbb73f9c0: 0041 8b59 | 1448 c1e3 | 0348 899c | 24d8 0000 | 0041 8b41 | 1848 c1e0 | 0348 8984 | 24e0 0000 
  0x0000012fbb73f9e0: 008b 4e10 | 48c1 e103 

  0x0000012fbb73f9e8: ;   {oop(a 'java/lang/invoke/MethodType'{0x000000070ad04710} = (Ljava/lang/Object;Ljava/lang/Object;Ljava/lang/Object;Ljava/lang/Object;)Ljava/lang/Object;)}
  0x0000012fbb73f9e8: 49b8 1047 | d00a 0700 | 0000 493b | c80f 8564 | 0300 008b | 4e14 48c1 | e103 8b49 | 1c48 c1e1 
  0x0000012fbb73fa08: 0348 85c9 | 0f85 3002 | 0000 488b 

  0x0000012fbb73fa14: ;   {static_call}
  0x0000012fbb73fa14: d666 90e8 

  0x0000012fbb73fa18: ; ImmutableOopMap {[176]=Oop [192]=Oop [208]=Oop [216]=Oop [224]=Oop [232]=Oop }
                      ;*invokestatic maybeCustomize {reexecute=0 rethrow=0 return_oop=0}
                      ; - java.lang.invoke.Invokers::checkCustomized@19 (line 627)
                      ; - java.lang.invoke.LambdaForm$MH/0x0000012fc7003c00::invokeExact_MT@15
                      ; - jdk.internal.reflect.DirectMethodHandleAccessor::invokeImpl@92 (line 156)
                      ; - jdk.internal.reflect.DirectMethodHandleAccessor::invoke@23 (line 103)
  0x0000012fbb73fa18: 248d 6aff 

  0x0000012fbb73fa1c: ;   {other}
  0x0000012fbb73fa1c: 0f1f 8400 | 8c05 0003 | e919 0200 | 004c 8b8c | 24b8 0000 | 008b 7218 | 48c1 e603 | 4889 b424 
  0x0000012fbb73fa3c: 0001 0000 

  0x0000012fbb73fa40: ; implicit exception: dispatches to 0x0000012fbb7401c9
  0x0000012fbb73fa40: 418b 790c | bb01 0000 | 003b df0f | 8d7d 0700 | 0041 8b79 | 1048 c1e7 | 0348 89bc | 24f0 0000 
  0x0000012fbb73fa60: 0041 8b59 | 1448 c1e3 | 0348 899c | 24f8 0000 | 008b 4610 | 48c1 e003 

  0x0000012fbb73fa78: ;   {oop(a 'java/lang/invoke/MethodType'{0x000000070ad15668} = (Ljava/lang/Object;Ljava/lang/Object;Ljava/lang/Object;)Ljava/lang/Object;)}
  0x0000012fbb73fa78: 48b9 6856 | d10a 0700 | 0000 483b | c10f 85a4 | 0200 008b | 4614 48c1 | e003 8b40 | 1c48 c1e0 
  0x0000012fbb73fa98: 0348 85c0 | 0f85 5801 | 0000 488b 

  0x0000012fbb73faa4: ;   {static_call}
  0x0000012fbb73faa4: d666 90e8 

  0x0000012fbb73faa8: ; ImmutableOopMap {[176]=Oop [192]=Oop [240]=Oop [248]=Oop [256]=Oop }
                      ;*invokestatic maybeCustomize {reexecute=0 rethrow=0 return_oop=0}
                      ; - java.lang.invoke.Invokers::checkCustomized@19 (line 627)
                      ; - java.lang.invoke.LambdaForm$MH/0x0000012fc7003800::invokeExact_MT@15
                      ; - jdk.internal.reflect.DirectMethodHandleAccessor::invokeImpl@72 (line 155)
                      ; - jdk.internal.reflect.DirectMethodHandleAccessor::invoke@23 (line 103)
  0x0000012fbb73faa8: 948c 6aff 

  0x0000012fbb73faac: ;   {other}
  0x0000012fbb73faac: 0f1f 8400 | 1c06 0004 | e941 0100 | 004c 8b8c | 24b8 0000 | 008b 7218 | 48c1 e603 | 4889 b424 
  0x0000012fbb73facc: 1001 0000 

  0x0000012fbb73fad0: ; implicit exception: dispatches to 0x0000012fbb7401dd
  0x0000012fbb73fad0: 4183 790c | 000f 860c | 0700 0041 | 8b79 1048 | c1e7 0348 | 89bc 2408 | 0100 008b | 5e10 48c1 
  0x0000012fbb73faf0: ;   {oop(a 'java/lang/invoke/MethodType'{0x000000070ad46360} = (Ljava/lang/Object;Ljava/lang/Object;)Ljava/lang/Object;)}
  0x0000012fbb73faf0: e303 48b8 | 6063 d40a | 0700 0000 | 483b d80f | 85fa 0100 | 008b 5e14 | 48c1 e303 

  0x0000012fbb73fb0c: ; implicit exception: dispatches to 0x0000012fbb7401fe
  0x0000012fbb73fb0c: 8b5b 1c48 | c1e3 0348 | 85db 0f85 | 9e00 0000 

  0x0000012fbb73fb1c: ;   {static_call}
  0x0000012fbb73fb1c: 488b d6e8 

  0x0000012fbb73fb20: ; ImmutableOopMap {[176]=Oop [192]=Oop [264]=Oop [272]=Oop }
                      ;*invokestatic maybeCustomize {reexecute=0 rethrow=0 return_oop=0}
                      ; - java.lang.invoke.Invokers::checkCustomized@19 (line 627)
                      ; - java.lang.invoke.Invokers$Holder::invokeExact_MT@14
                      ; - jdk.internal.reflect.DirectMethodHandleAccessor::invokeImpl@55 (line 154)
                      ; - jdk.internal.reflect.DirectMethodHandleAccessor::invoke@23 (line 103)
  0x0000012fbb73fb20: 1c8c 6aff 

  0x0000012fbb73fb24: ;   {other}
  0x0000012fbb73fb24: 0f1f 8400 | 9406 0005 | e989 0000 | 008b 7218 | 48c1 e603 | 4889 b424 | 1801 0000 

  0x0000012fbb73fb40: ; implicit exception: dispatches to 0x0000012fbb740203
  0x0000012fbb73fb40: 8b7e 1048 

  0x0000012fbb73fb44: ;   {oop(a 'java/lang/invoke/MethodType'{0x000000070ad04590} = (Ljava/lang/Object;)Ljava/lang/Object;)}
  0x0000012fbb73fb44: c1e7 0348 | bb90 45d0 | 0a07 0000 | 0048 3bfb | 0f85 7801 | 0000 8b7e | 1448 c1e7 | 038b 7f1c 
  0x0000012fbb73fb64: 48c1 e703 | 4885 ff0f | 8513 0000 | 0048 8bd6 

  0x0000012fbb73fb74: ;   {static_call}
  0x0000012fbb73fb74: 6666 90e8 

  0x0000012fbb73fb78: ; ImmutableOopMap {[176]=Oop [192]=Oop [280]=Oop }
                      ;*invokestatic maybeCustomize {reexecute=0 rethrow=0 return_oop=0}
                      ; - java.lang.invoke.Invokers::checkCustomized@19 (line 627)
                      ; - java.lang.invoke.Invokers$Holder::invokeExact_MT@14
                      ; - jdk.internal.reflect.DirectMethodHandleAccessor::invokeImpl@41 (line 153)
                      ; - jdk.internal.reflect.DirectMethodHandleAccessor::invoke@23 (line 103)
  0x0000012fbb73fb78: c48b 6aff 

  0x0000012fbb73fb7c: ;   {other}
  0x0000012fbb73fb7c: 0f1f 8400 | ec06 0006 | 4c8b 8424 | c000 0000 | 488b 9424 | 1801 0000 

  0x0000012fbb73fb94: ;   {optimized virtual_call}
  0x0000012fbb73fb94: 6666 90e8 

  0x0000012fbb73fb98: ; ImmutableOopMap {[176]=Oop }
                      ;*invokevirtual invokeBasic {reexecute=0 rethrow=0 return_oop=0}
                      ; - java.lang.invoke.Invokers$Holder::invokeExact_MT@19
                      ; - jdk.internal.reflect.DirectMethodHandleAccessor::invokeImpl@41 (line 153)
                      ; - jdk.internal.reflect.DirectMethodHandleAccessor::invoke@23 (line 103)
  0x0000012fbb73fb98: 64ad 34ff 

  0x0000012fbb73fb9c: ;   {other}
  0x0000012fbb73fb9c: 0f1f 8400 | 0c07 0007 | 4881 c470 | 0100 005d 

  0x0000012fbb73fbac: ;   {poll_return}
  0x0000012fbb73fbac: 493b a748 | 0400 000f | 8754 0600 | 00c3 4c8b | 8424 c000 | 0000 4c8b | 8c24 0801 | 0000 488b 
  0x0000012fbb73fbcc: 9424 1001 | 0000 0f1f 

  0x0000012fbb73fbd4: ;   {optimized virtual_call}
  0x0000012fbb73fbd4: 4400 00e8 

  0x0000012fbb73fbd8: ; ImmutableOopMap {[176]=Oop }
                      ;*invokevirtual invokeBasic {reexecute=0 rethrow=0 return_oop=0}
                      ; - java.lang.invoke.Invokers$Holder::invokeExact_MT@20
                      ; - jdk.internal.reflect.DirectMethodHandleAccessor::invokeImpl@55 (line 154)
                      ; - jdk.internal.reflect.DirectMethodHandleAccessor::invoke@23 (line 103)
  0x0000012fbb73fbd8: a466 61ff 

  0x0000012fbb73fbdc: ;   {other}
  0x0000012fbb73fbdc: 0f1f 8400 | 4c07 0008 | 4881 c470 | 0100 005d 

  0x0000012fbb73fbec: ;   {poll_return}
  0x0000012fbb73fbec: 493b a748 | 0400 000f | 872a 0600 | 00c3 4c8b | 8424 c000 | 0000 4c8b | 8c24 f000 | 0000 488b 
  0x0000012fbb73fc0c: bc24 f800 | 0000 488b | 9424 0001 | 0000 0f1f 

  0x0000012fbb73fc1c: ;   {optimized virtual_call}
  0x0000012fbb73fc1c: 4400 00e8 

  0x0000012fbb73fc20: ; ImmutableOopMap {[176]=Oop }
                      ;*invokevirtual invokeBasic {reexecute=0 rethrow=0 return_oop=0}
                      ; - java.lang.invoke.LambdaForm$MH/0x0000012fc7003800::invokeExact_MT@22
                      ; - jdk.internal.reflect.DirectMethodHandleAccessor::invokeImpl@72 (line 155)
                      ; - jdk.internal.reflect.DirectMethodHandleAccessor::invoke@23 (line 103)
  0x0000012fbb73fc20: dcbd 61ff 

  0x0000012fbb73fc24: ;   {other}
  0x0000012fbb73fc24: 0f1f 8400 | 9407 0009 | 4881 c470 | 0100 005d 

  0x0000012fbb73fc34: ;   {poll_return}
  0x0000012fbb73fc34: 493b a748 | 0400 000f | 87f8 0500 | 00c3 4c8b | 8424 c000 | 0000 4c8b | 8c24 d000 | 0000 488b 
  0x0000012fbb73fc54: bc24 d800 | 0000 488b | b424 e000 | 0000 488b | 9424 e800 | 0000 0f1f 

  0x0000012fbb73fc6c: ;   {optimized virtual_call}
  0x0000012fbb73fc6c: 4400 00e8 

  0x0000012fbb73fc70: ; ImmutableOopMap {[176]=Oop }
                      ;*invokevirtual invokeBasic {reexecute=0 rethrow=0 return_oop=0}
                      ; - java.lang.invoke.LambdaForm$MH/0x0000012fc7003c00::invokeExact_MT@24
                      ; - jdk.internal.reflect.DirectMethodHandleAccessor::invokeImpl@92 (line 156)
                      ; - jdk.internal.reflect.DirectMethodHandleAccessor::invoke@23 (line 103)
  0x0000012fbb73fc70: 0c76 61ff 

  0x0000012fbb73fc74: ;   {other}
  0x0000012fbb73fc74: 0f1f 8400 | e407 000a | 4881 c470 | 0100 005d 

  0x0000012fbb73fc84: ;   {poll_return}
  0x0000012fbb73fc84: 493b a748 | 0400 000f | 87be 0500 | 00c3 4c8b | 8c24 b800 | 0000 4c8b | 8424 c000 | 0000 488b 
  0x0000012fbb73fca4: 9424 c800 | 0000 0f1f 

  0x0000012fbb73fcac: ;   {optimized virtual_call}
  0x0000012fbb73fcac: 4400 00e8 

  0x0000012fbb73fcb0: ; ImmutableOopMap {[176]=Oop }
                      ;*invokevirtual invokeBasic {reexecute=0 rethrow=0 return_oop=0}
                      ; - java.lang.invoke.Invokers$Holder::invokeExact_MT@20
                      ; - jdk.internal.reflect.DirectMethodHandleAccessor::invokeImpl@104 (line 157)
                      ; - jdk.internal.reflect.DirectMethodHandleAccessor::invoke@23 (line 103)
  0x0000012fbb73fcb0: cc65 61ff 

  0x0000012fbb73fcb4: ;   {other}
  0x0000012fbb73fcb4: 0f1f 8400 | 2408 000b | 4881 c470 | 0100 005d 

  0x0000012fbb73fcc4: ;   {poll_return}
  0x0000012fbb73fcc4: 493b a748 | 0400 000f | 8794 0500 

  0x0000012fbb73fcd0: ;   {oop(a 'java/lang/invoke/MethodType'{0x000000070ad04590} = (Ljava/lang/Object;)Ljava/lang/Object;)}
  0x0000012fbb73fcd0: 00c3 49b8 | 9045 d00a | 0700 0000 

  0x0000012fbb73fcdc: ;   {static_call}
  0x0000012fbb73fcdc: 488b d7e8 

  0x0000012fbb73fce0: ; ImmutableOopMap {[176]=Oop [192]=Oop [280]=Oop }
                      ;*invokestatic newWrongMethodTypeException {reexecute=0 rethrow=0 return_oop=0}
                      ; - java.lang.invoke.Invokers::checkExactType@12 (line 531)
                      ; - java.lang.invoke.Invokers$Holder::invokeExact_MT@10
                      ; - jdk.internal.reflect.DirectMethodHandleAccessor::invokeImpl@41 (line 153)
                      ; - jdk.internal.reflect.DirectMethodHandleAccessor::invoke@23 (line 103)
  0x0000012fbb73fce0: 9cf3 25ff 

  0x0000012fbb73fce4: ;   {other}
  0x0000012fbb73fce4: 0f1f 8400 | 5408 000c 

  0x0000012fbb73fcec: ; implicit exception: dispatches to 0x0000012fbb74027b
                      ; ImmutableOopMap {rax=Oop [176]=Oop [192]=Oop [280]=Oop }
                      ;*athrow {reexecute=1 rethrow=0 return_oop=0}
                      ; - (reexecute) java.lang.invoke.Invokers::checkExactType@15 (line 531)
                      ; - java.lang.invoke.Invokers$Holder::invokeExact_MT@10
                      ; - jdk.internal.reflect.DirectMethodHandleAccessor::invokeImpl@41 (line 153)
                      ; - jdk.internal.reflect.DirectMethodHandleAccessor::invoke@23 (line 103)
                      ;   {section_word}
  0x0000012fbb73fcec: 483b 0048 | baef fc73 | bb2f 0100 

  0x0000012fbb73fcf8: ;   {runtime_call handle_exception_nofpu Runtime1 stub}
  0x0000012fbb73fcf8: 00e8 823f 

  0x0000012fbb73fcfc: ;   {oop(a 'java/lang/invoke/MethodType'{0x000000070ad46360} = (Ljava/lang/Object;Ljava/lang/Object;)Ljava/lang/Object;)}
  0x0000012fbb73fcfc: 31ff 9049 | b860 63d4 | 0a07 0000 | 0048 8bd3 

  0x0000012fbb73fd0c: ;   {static_call}
  0x0000012fbb73fd0c: 6666 90e8 

  0x0000012fbb73fd10: ; ImmutableOopMap {[176]=Oop [192]=Oop [264]=Oop [272]=Oop }
                      ;*invokestatic newWrongMethodTypeException {reexecute=0 rethrow=0 return_oop=0}
                      ; - java.lang.invoke.Invokers::checkExactType@12 (line 531)
                      ; - java.lang.invoke.Invokers$Holder::invokeExact_MT@10
                      ; - jdk.internal.reflect.DirectMethodHandleAccessor::invokeImpl@55 (line 154)
                      ; - jdk.internal.reflect.DirectMethodHandleAccessor::invoke@23 (line 103)
  0x0000012fbb73fd10: 6cf3 25ff 

  0x0000012fbb73fd14: ;   {other}
  0x0000012fbb73fd14: 0f1f 8400 | 8408 000e 

  0x0000012fbb73fd1c: ; implicit exception: dispatches to 0x0000012fbb740280
                      ; ImmutableOopMap {rax=Oop [176]=Oop [192]=Oop [264]=Oop [272]=Oop }
                      ;*athrow {reexecute=1 rethrow=0 return_oop=0}
                      ; - (reexecute) java.lang.invoke.Invokers::checkExactType@15 (line 531)
                      ; - java.lang.invoke.Invokers$Holder::invokeExact_MT@10
                      ; - jdk.internal.reflect.DirectMethodHandleAccessor::invokeImpl@55 (line 154)
                      ; - jdk.internal.reflect.DirectMethodHandleAccessor::invoke@23 (line 103)
                      ;   {section_word}
  0x0000012fbb73fd1c: 483b 0048 | ba1f fd73 | bb2f 0100 

  0x0000012fbb73fd28: ;   {runtime_call handle_exception_nofpu Runtime1 stub}
  0x0000012fbb73fd28: 00e8 523f 

  0x0000012fbb73fd2c: ;   {oop(a 'java/lang/invoke/MethodType'{0x000000070ad15668} = (Ljava/lang/Object;Ljava/lang/Object;Ljava/lang/Object;)Ljava/lang/Object;)}
  0x0000012fbb73fd2c: 31ff 9049 | b868 56d1 | 0a07 0000 | 0048 8bd0 

  0x0000012fbb73fd3c: ;   {static_call}
  0x0000012fbb73fd3c: 6666 90e8 

  0x0000012fbb73fd40: ; ImmutableOopMap {[176]=Oop [192]=Oop [240]=Oop [248]=Oop [256]=Oop }
                      ;*invokestatic newWrongMethodTypeException {reexecute=0 rethrow=0 return_oop=0}
                      ; - java.lang.invoke.Invokers::checkExactType@12 (line 531)
                      ; - java.lang.invoke.LambdaForm$MH/0x0000012fc7003800::invokeExact_MT@11
                      ; - jdk.internal.reflect.DirectMethodHandleAccessor::invokeImpl@72 (line 155)
                      ; - jdk.internal.reflect.DirectMethodHandleAccessor::invoke@23 (line 103)
  0x0000012fbb73fd40: 3cf3 25ff 

  0x0000012fbb73fd44: ;   {other}
  0x0000012fbb73fd44: 0f1f 8400 | b408 0010 

  0x0000012fbb73fd4c: ; implicit exception: dispatches to 0x0000012fbb740285
                      ; ImmutableOopMap {rax=Oop [176]=Oop [192]=Oop [240]=Oop [248]=Oop [256]=Oop }
                      ;*athrow {reexecute=1 rethrow=0 return_oop=0}
                      ; - (reexecute) java.lang.invoke.Invokers::checkExactType@15 (line 531)
                      ; - java.lang.invoke.LambdaForm$MH/0x0000012fc7003800::invokeExact_MT@11
                      ; - jdk.internal.reflect.DirectMethodHandleAccessor::invokeImpl@72 (line 155)
                      ; - jdk.internal.reflect.DirectMethodHandleAccessor::invoke@23 (line 103)
                      ;   {section_word}
  0x0000012fbb73fd4c: 483b 0048 | ba4f fd73 | bb2f 0100 

  0x0000012fbb73fd58: ;   {runtime_call handle_exception_nofpu Runtime1 stub}
  0x0000012fbb73fd58: 00e8 223f 

  0x0000012fbb73fd5c: ;   {oop(a 'java/lang/invoke/MethodType'{0x000000070ad04710} = (Ljava/lang/Object;Ljava/lang/Object;Ljava/lang/Object;Ljava/lang/Object;)Ljava/lang/Object;)}
  0x0000012fbb73fd5c: 31ff 9049 | b810 47d0 | 0a07 0000 | 0048 8bd1 

  0x0000012fbb73fd6c: ;   {static_call}
  0x0000012fbb73fd6c: 6666 90e8 

  0x0000012fbb73fd70: ; ImmutableOopMap {[176]=Oop [192]=Oop [208]=Oop [216]=Oop [224]=Oop [232]=Oop }
                      ;*invokestatic newWrongMethodTypeException {reexecute=0 rethrow=0 return_oop=0}
                      ; - java.lang.invoke.Invokers::checkExactType@12 (line 531)
                      ; - java.lang.invoke.LambdaForm$MH/0x0000012fc7003c00::invokeExact_MT@11
                      ; - jdk.internal.reflect.DirectMethodHandleAccessor::invokeImpl@92 (line 156)
                      ; - jdk.internal.reflect.DirectMethodHandleAccessor::invoke@23 (line 103)
  0x0000012fbb73fd70: 0cf3 25ff 

  0x0000012fbb73fd74: ;   {other}
  0x0000012fbb73fd74: 0f1f 8400 | e408 0012 

  0x0000012fbb73fd7c: ; implicit exception: dispatches to 0x0000012fbb74028a
                      ; ImmutableOopMap {rax=Oop [176]=Oop [192]=Oop [208]=Oop [216]=Oop [224]=Oop [232]=Oop }
                      ;*athrow {reexecute=1 rethrow=0 return_oop=0}
                      ; - (reexecute) java.lang.invoke.Invokers::checkExactType@15 (line 531)
                      ; - java.lang.invoke.LambdaForm$MH/0x0000012fc7003c00::invokeExact_MT@11
                      ; - jdk.internal.reflect.DirectMethodHandleAccessor::invokeImpl@92 (line 156)
                      ; - jdk.internal.reflect.DirectMethodHandleAccessor::invoke@23 (line 103)
                      ;   {section_word}
  0x0000012fbb73fd7c: 483b 0048 | ba7f fd73 | bb2f 0100 

  0x0000012fbb73fd88: ;   {runtime_call handle_exception_nofpu Runtime1 stub}
  0x0000012fbb73fd88: 00e8 f23e 

  0x0000012fbb73fd8c: ;   {oop(a 'java/lang/invoke/MethodType'{0x000000070bd94928} = (Ljava/lang/Object;[Ljava/lang/Object;)Ljava/lang/Object;)}
  0x0000012fbb73fd8c: 31ff 9049 | b828 49d9 | 0b07 0000 | 0048 8bd7 

  0x0000012fbb73fd9c: ;   {static_call}
  0x0000012fbb73fd9c: 6666 90e8 

  0x0000012fbb73fda0: ; ImmutableOopMap {[176]=Oop [184]=Oop [192]=Oop [200]=Oop }
                      ;*invokestatic newWrongMethodTypeException {reexecute=0 rethrow=0 return_oop=0}
                      ; - java.lang.invoke.Invokers::checkExactType@12 (line 531)
                      ; - java.lang.invoke.Invokers$Holder::invokeExact_MT@10
                      ; - jdk.internal.reflect.DirectMethodHandleAccessor::invokeImpl@104 (line 157)
                      ; - jdk.internal.reflect.DirectMethodHandleAccessor::invoke@23 (line 103)
  0x0000012fbb73fda0: dcf2 25ff 

  0x0000012fbb73fda4: ;   {other}
  0x0000012fbb73fda4: 0f1f 8400 | 1409 0014 

  0x0000012fbb73fdac: ; implicit exception: dispatches to 0x0000012fbb74028f
                      ; ImmutableOopMap {rax=Oop [176]=Oop [184]=Oop [192]=Oop [200]=Oop }
                      ;*athrow {reexecute=1 rethrow=0 return_oop=0}
                      ; - (reexecute) java.lang.invoke.Invokers::checkExactType@15 (line 531)
                      ; - java.lang.invoke.Invokers$Holder::invokeExact_MT@10
                      ; - jdk.internal.reflect.DirectMethodHandleAccessor::invokeImpl@104 (line 157)
                      ; - jdk.internal.reflect.DirectMethodHandleAccessor::invoke@23 (line 103)
                      ;   {section_word}
  0x0000012fbb73fdac: 483b 0048 | baaf fd73 | bb2f 0100 

  0x0000012fbb73fdb8: ;   {runtime_call handle_exception_nofpu Runtime1 stub}
  0x0000012fbb73fdb8: 00e8 c23e | 31ff 9049 | 8b87 f804 | 0000 4d33 | d24d 8997 | f804 0000 | 4d33 d24d | 8997 0005 
  0x0000012fbb73fdd8: ;   {oop(a 'java/lang/Class'{0x000000070aca6518} = 'jdk/internal/reflect/DirectMethodHandleAccessor')}
  0x0000012fbb73fdd8: 0000 48ba | 1865 ca0a | 0700 0000 | 4c8b c048 | 8984 2420 

  0x0000012fbb73fdec: ;   {static_call}
  0x0000012fbb73fdec: 0100 00e8 

  0x0000012fbb73fdf0: ; ImmutableOopMap {[288]=Oop }
                      ;*invokestatic isIllegalArgument {reexecute=0 rethrow=0 return_oop=0}
                      ; - jdk.internal.reflect.DirectMethodHandleAccessor::isIllegalArgument@3 (line 191)
                      ; - jdk.internal.reflect.DirectMethodHandleAccessor::invoke@58 (line 112)
  0x0000012fbb73fdf0: 8cf2 25ff 

  0x0000012fbb73fdf4: ;   {other}
  0x0000012fbb73fdf4: 0f1f 8400 | 6409 0016 | 83e0 0185 | c00f 84ea | 0100 00e9 | 5d01 0000 | 498b 87f8 | 0400 004d 
  0x0000012fbb73fe14: 33d2 4d89 | 97f8 0400 | 004d 33d2 | 4d89 9700 

  0x0000012fbb73fe24: ;   {oop(a 'java/lang/Class'{0x000000070aca6518} = 'jdk/internal/reflect/DirectMethodHandleAccessor')}
  0x0000012fbb73fe24: 0500 0048 | ba18 65ca | 0a07 0000 | 004c 8bc0 | 4889 8424 | 2801 0000 

  0x0000012fbb73fe3c: ;   {static_call}
  0x0000012fbb73fe3c: 6666 90e8 

  0x0000012fbb73fe40: ; ImmutableOopMap {[296]=Oop }
                      ;*invokestatic isIllegalArgument {reexecute=0 rethrow=0 return_oop=0}
                      ; - jdk.internal.reflect.DirectMethodHandleAccessor::isIllegalArgument@3 (line 191)
                      ; - jdk.internal.reflect.DirectMethodHandleAccessor::invoke@30 (line 105)
  0x0000012fbb73fe40: 3cf2 25ff 

  0x0000012fbb73fe44: ;   {other}
  0x0000012fbb73fe44: 0f1f 8400 | b409 0017 | 83e0 0185 | c00f 848a 

  0x0000012fbb73fe54: ;   {metadata('java/lang/IllegalArgumentException')}
  0x0000012fbb73fe54: 0000 0048 | ba00 ba06 | c62f 0100 | 0049 8b87 | b801 0000 | 488d 7828 | 493b bfc8 | 0100 000f 
  0x0000012fbb73fe74: 871b 0400 | 0049 89bf | b801 0000 | 48c7 0001 | 0000 0048 | 8bca 49ba | 0000 00c6 | 2f01 0000 
  0x0000012fbb73fe94: 492b ca89 | 4808 4833 | c989 480c | 4833 c948 | 8948 1048 | 8948 1848 

  0x0000012fbb73feac: ;   {oop("argument type mismatch"{0x000000070afc3418})}
  0x0000012fbb73feac: 8948 2049 | b818 34fc | 0a07 0000 | 0048 8bd0 | 4889 8424 | 3001 0000 

  0x0000012fbb73fec4: ;   {optimized virtual_call}
  0x0000012fbb73fec4: 6666 90e8 

  0x0000012fbb73fec8: ; ImmutableOopMap {[304]=Oop }
                      ;*invokespecial <init> {reexecute=0 rethrow=0 return_oop=0}
                      ; - jdk.internal.reflect.DirectMethodHandleAccessor::invoke@42 (line 107)
  0x0000012fbb73fec8: b4eb 25ff 

  0x0000012fbb73fecc: ;   {other}
  0x0000012fbb73fecc: 0f1f 8400 | 3c0a 0018 | 488b 8424 | 3001 0000 | e91e 0400 | 004c 8b84 | 2428 0100 

  0x0000012fbb73fee8: ;   {metadata('java/lang/reflect/InvocationTargetException')}
  0x0000012fbb73fee8: 0048 ba20 | b904 c72f | 0100 0049 | 8b87 b801 | 0000 488d | 7828 493b | bfc8 0100 | 000f 8796 
  0x0000012fbb73ff08: 0300 0049 | 89bf b801 | 0000 48c7 | 0001 0000 | 0048 8bca | 49ba 0000 | 00c6 2f01 | 0000 492b 
  0x0000012fbb73ff28: ca89 4808 | 4833 c989 | 480c 4833 | c948 8948 | 1048 8948 | 1848 8948 | 2048 8bd0 | 4889 8424 
  0x0000012fbb73ff48: 3801 0000 

  0x0000012fbb73ff4c: ;   {optimized virtual_call}
  0x0000012fbb73ff4c: 6666 90e8 

  0x0000012fbb73ff50: ; ImmutableOopMap {[312]=Oop }
                      ;*invokespecial <init> {reexecute=0 rethrow=0 return_oop=0}
                      ; - jdk.internal.reflect.DirectMethodHandleAccessor::invoke@51 (line 109)
  0x0000012fbb73ff50: 2ceb 25ff 

  0x0000012fbb73ff54: ;   {other}
  0x0000012fbb73ff54: 0f1f 8400 | c40a 0019 | 488b 8424 | 3801 0000 | e996 0300 

  0x0000012fbb73ff68: ;   {metadata('java/lang/IllegalArgumentException')}
  0x0000012fbb73ff68: 0048 ba00 | ba06 c62f | 0100 0049 | 8b87 b801 | 0000 488d | 7828 493b | bfc8 0100 | 000f 8723 
  0x0000012fbb73ff88: 0300 0049 | 89bf b801 | 0000 48c7 | 0001 0000 | 0048 8bca | 49ba 0000 | 00c6 2f01 | 0000 492b 
  0x0000012fbb73ffa8: ca89 4808 | 4833 c989 | 480c 4833 | c948 8948 | 1048 8948 | 1848 8948 | 204c 8b84 | 2420 0100 
  0x0000012fbb73ffc8: 0048 8bd0 | 4889 8424 | 4001 0000 

  0x0000012fbb73ffd4: ;   {optimized virtual_call}
  0x0000012fbb73ffd4: 6666 90e8 

  0x0000012fbb73ffd8: ; ImmutableOopMap {[320]=Oop }
                      ;*invokespecial <init> {reexecute=0 rethrow=0 return_oop=0}
                      ; - jdk.internal.reflect.DirectMethodHandleAccessor::invoke@69 (line 113)
  0x0000012fbb73ffd8: a4ea 25ff 

  0x0000012fbb73ffdc: ;   {other}
  0x0000012fbb73ffdc: 0f1f 8400 | 4c0b 001a | 488b 8424 | 4001 0000 | e90e 0300 | 004c 8b84 | 2420 0100 

  0x0000012fbb73fff8: ;   {metadata('java/lang/reflect/InvocationTargetException')}
  0x0000012fbb73fff8: 0048 ba20 | b904 c72f | 0100 0049 | 8b87 b801 | 0000 488d | 7828 493b | bfc8 0100 | 000f 87a0 
  0x0000012fbb740018: 0200 0049 | 89bf b801 | 0000 48c7 | 0001 0000 | 0048 8bca | 49ba 0000 | 00c6 2f01 | 0000 492b 
  0x0000012fbb740038: ca89 4808 | 4833 c989 | 480c 4833 | c948 8948 | 1048 8948 | 1848 8948 | 2048 8bd0 | 4889 8424 
  0x0000012fbb740058: 4801 0000 

  0x0000012fbb74005c: ;   {optimized virtual_call}
  0x0000012fbb74005c: 6666 90e8 

  0x0000012fbb740060: ; ImmutableOopMap {[328]=Oop }
                      ;*invokespecial <init> {reexecute=0 rethrow=0 return_oop=0}
                      ; - jdk.internal.reflect.DirectMethodHandleAccessor::invoke@78 (line 115)
  0x0000012fbb740060: 1cea 25ff 

  0x0000012fbb740064: ;   {other}
  0x0000012fbb740064: 0f1f 8400 | d40b 001b | 488b 8424 | 4801 0000 | e986 0200 

  0x0000012fbb740078: ;   {metadata('java/lang/IllegalArgumentException')}
  0x0000012fbb740078: 0048 ba00 | ba06 c62f | 0100 0049 | 8b87 b801 | 0000 488d | 7828 493b | bfc8 0100 | 000f 872d 
  0x0000012fbb740098: 0200 0049 | 89bf b801 | 0000 48c7 | 0001 0000 | 0048 8bca | 49ba 0000 | 00c6 2f01 | 0000 492b 
  0x0000012fbb7400b8: ca89 4808 | 4833 c989 | 480c 4833 | c948 8948 | 1048 8948 | 1848 8948 

  0x0000012fbb7400d0: ;   {oop("object is not an instance of declaring class"{0x000000070bf01c20})}
  0x0000012fbb7400d0: 2049 b820 | 1cf0 0b07 | 0000 0048 | 8bd0 4889 | 8424 5001 

  0x0000012fbb7400e4: ;   {optimized virtual_call}
  0x0000012fbb7400e4: 0000 90e8 

  0x0000012fbb7400e8: ; ImmutableOopMap {[176]=Oop [184]=Oop [192]=Oop [336]=Oop }
                      ;*invokespecial <init> {reexecute=0 rethrow=0 return_oop=0}
                      ; - jdk.internal.reflect.DirectMethodHandleAccessor::checkReceiver@20 (line 197)
                      ; - jdk.internal.reflect.DirectMethodHandleAccessor::invoke@9 (line 99)
  0x0000012fbb7400e8: 94e9 25ff 

  0x0000012fbb7400ec: ;   {other}
  0x0000012fbb7400ec: 0f1f 8400 | 5c0c 001c | 488b 8424 | 5001 0000 | e9fe 0100 | 0049 8b87 | f804 0000 | 4d33 d24d 
  0x0000012fbb74010c: 8997 f804 | 0000 4d33 | d24d 8997 | 0005 0000 

  0x0000012fbb74011c: ;   {metadata('java/lang/reflect/InvocationTargetException')}
  0x0000012fbb74011c: 4c8b c048 | ba20 b904 | c72f 0100 | 0049 8b87 | b801 0000 | 488d 7828 | 493b bfc8 | 0100 000f 
  0x0000012fbb74013c: 8794 0100 | 0049 89bf | b801 0000 | 48c7 0001 | 0000 0048 | 8bca 49ba | 0000 00c6 | 2f01 0000 
  0x0000012fbb74015c: 492b ca89 | 4808 4833 | c989 480c | 4833 c948 | 8948 1048 | 8948 1848 | 8948 2048 | 8bd0 4889 
  0x0000012fbb74017c: 8424 5801 | 0000 0f1f 

  0x0000012fbb740184: ;   {optimized virtual_call}
  0x0000012fbb740184: 4400 00e8 

  0x0000012fbb740188: ; ImmutableOopMap {[344]=Oop }
                      ;*invokespecial <init> {reexecute=0 rethrow=0 return_oop=0}
                      ; - jdk.internal.reflect.DirectMethodHandleAccessor::invoke@88 (line 118)
  0x0000012fbb740188: 2f02 0000 

  0x0000012fbb74018c: ;   {other}
  0x0000012fbb74018c: 0f1f 8400 | fc0c 001d | 488b 8424 | 5801 0000 | e95e 0100 

  0x0000012fbb7401a0: ;   {runtime_call throw_null_pointer_exception Runtime1 stub}
  0x0000012fbb7401a0: 00e8 da14 

  0x0000012fbb7401a4: ; ImmutableOopMap {rdx=Oop r8=Oop rsi=Oop [176]=Oop [184]=Oop [192]=Oop }
                      ;*invokevirtual getClass {reexecute=0 rethrow=0 return_oop=0}
                      ; - jdk.internal.reflect.DirectMethodHandleAccessor::checkReceiver@5 (line 196)
                      ; - jdk.internal.reflect.DirectMethodHandleAccessor::invoke@9 (line 99)
                      ;   {runtime_call throw_null_pointer_exception Runtime1 stub}
  0x0000012fbb7401a4: 31ff e8d5 

  0x0000012fbb7401a8: ; ImmutableOopMap {rdx=Oop r8=Oop rsi=Oop rdi=Oop [176]=Oop [184]=Oop [192]=Oop }
                      ;*invokevirtual isAssignableFrom {reexecute=0 rethrow=0 return_oop=0}
                      ; - jdk.internal.reflect.DirectMethodHandleAccessor::checkReceiver@8 (line 196)
                      ; - jdk.internal.reflect.DirectMethodHandleAccessor::invoke@9 (line 99)
                      ;   {runtime_call throw_null_pointer_exception Runtime1 stub}
  0x0000012fbb7401a8: 1431 ffe8 

  0x0000012fbb7401ac: ; ImmutableOopMap {rdx=Oop rsi=Oop [176]=Oop [184]=Oop [192]=Oop [200]=Oop }
                      ;*invokevirtual type {reexecute=0 rethrow=0 return_oop=0}
                      ; - java.lang.invoke.Invokers::checkExactType@1 (line 529)
                      ; - java.lang.invoke.Invokers$Holder::invokeExact_MT@10
                      ; - jdk.internal.reflect.DirectMethodHandleAccessor::invokeImpl@104 (line 157)
                      ; - jdk.internal.reflect.DirectMethodHandleAccessor::invoke@23 (line 103)
  0x0000012fbb7401ac: d014 31ff 

  0x0000012fbb7401b0: ;   {runtime_call throw_null_pointer_exception Runtime1 stub}
  0x0000012fbb7401b0: e8cb 1431 

  0x0000012fbb7401b4: ; ImmutableOopMap {rdx=Oop rsi=Oop [176]=Oop [184]=Oop [192]=Oop [200]=Oop }
                      ;*getfield customized {reexecute=1 rethrow=0 return_oop=0}
                      ; - (reexecute) java.lang.invoke.Invokers::checkCustomized@12 (line 626)
                      ; - java.lang.invoke.Invokers$Holder::invokeExact_MT@14
                      ; - jdk.internal.reflect.DirectMethodHandleAccessor::invokeImpl@104 (line 157)
                      ; - jdk.internal.reflect.DirectMethodHandleAccessor::invoke@23 (line 103)
                      ;   {runtime_call predicate_failed_trap Runtime1 stub}
  0x0000012fbb7401b4: ffe8 c684 

  0x0000012fbb7401b8: ; ImmutableOopMap {rdx=Oop r9=Oop rsi=Oop [176]=Oop [184]=Oop [192]=Oop [232]=Oop }
                      ;*aaload {reexecute=0 rethrow=0 return_oop=0}
                      ; - jdk.internal.reflect.DirectMethodHandleAccessor::invokeImpl@85 (line 156)
                      ; - jdk.internal.reflect.DirectMethodHandleAccessor::invoke@23 (line 103)
                      ;   {runtime_call predicate_failed_trap Runtime1 stub}
  0x0000012fbb7401b8: 31ff e8c1 

  0x0000012fbb7401bc: ; ImmutableOopMap {rdx=Oop r9=Oop rsi=Oop [176]=Oop [184]=Oop [192]=Oop [232]=Oop }
                      ;*aaload {reexecute=0 rethrow=0 return_oop=0}
                      ; - jdk.internal.reflect.DirectMethodHandleAccessor::invokeImpl@85 (line 156)
                      ; - jdk.internal.reflect.DirectMethodHandleAccessor::invoke@23 (line 103)
                      ;   {runtime_call throw_null_pointer_exception Runtime1 stub}
  0x0000012fbb7401bc: 8431 ffe8 

  0x0000012fbb7401c0: ; ImmutableOopMap {rdx=Oop rsi=Oop rdi=Oop rbx=Oop rax=Oop [176]=Oop [192]=Oop [208]=Oop [216]=Oop [224]=Oop [232]=Oop }
                      ;*invokevirtual type {reexecute=0 rethrow=0 return_oop=0}
                      ; - java.lang.invoke.Invokers::checkExactType@1 (line 529)
                      ; - java.lang.invoke.LambdaForm$MH/0x0000012fc7003c00::invokeExact_MT@11
                      ; - jdk.internal.reflect.DirectMethodHandleAccessor::invokeImpl@92 (line 156)
                      ; - jdk.internal.reflect.DirectMethodHandleAccessor::invoke@23 (line 103)
  0x0000012fbb7401c0: bc14 31ff 

  0x0000012fbb7401c4: ;   {runtime_call throw_null_pointer_exception Runtime1 stub}
  0x0000012fbb7401c4: e8b7 1431 

  0x0000012fbb7401c8: ; ImmutableOopMap {rdx=Oop rsi=Oop rdi=Oop rbx=Oop rax=Oop [176]=Oop [192]=Oop [208]=Oop [216]=Oop [224]=Oop [232]=Oop }
                      ;*getfield customized {reexecute=1 rethrow=0 return_oop=0}
                      ; - (reexecute) java.lang.invoke.Invokers::checkCustomized@12 (line 626)
                      ; - java.lang.invoke.LambdaForm$MH/0x0000012fc7003c00::invokeExact_MT@15
                      ; - jdk.internal.reflect.DirectMethodHandleAccessor::invokeImpl@92 (line 156)
                      ; - jdk.internal.reflect.DirectMethodHandleAccessor::invoke@23 (line 103)
                      ;   {runtime_call predicate_failed_trap Runtime1 stub}
  0x0000012fbb7401c8: ffe8 b284 

  0x0000012fbb7401cc: ; ImmutableOopMap {rdx=Oop r9=Oop rsi=Oop [176]=Oop [184]=Oop [192]=Oop [256]=Oop }
                      ;*aaload {reexecute=0 rethrow=0 return_oop=0}
                      ; - jdk.internal.reflect.DirectMethodHandleAccessor::invokeImpl@68 (line 155)
                      ; - jdk.internal.reflect.DirectMethodHandleAccessor::invoke@23 (line 103)
                      ;   {runtime_call predicate_failed_trap Runtime1 stub}
  0x0000012fbb7401cc: 31ff e8ad 

  0x0000012fbb7401d0: ; ImmutableOopMap {rdx=Oop r9=Oop rsi=Oop [176]=Oop [184]=Oop [192]=Oop [256]=Oop }
                      ;*aaload {reexecute=0 rethrow=0 return_oop=0}
                      ; - jdk.internal.reflect.DirectMethodHandleAccessor::invokeImpl@68 (line 155)
                      ; - jdk.internal.reflect.DirectMethodHandleAccessor::invoke@23 (line 103)
                      ;   {runtime_call throw_null_pointer_exception Runtime1 stub}
  0x0000012fbb7401d0: 8431 ffe8 

  0x0000012fbb7401d4: ; ImmutableOopMap {rdx=Oop rsi=Oop rdi=Oop rbx=Oop [176]=Oop [192]=Oop [240]=Oop [248]=Oop [256]=Oop }
                      ;*invokevirtual type {reexecute=0 rethrow=0 return_oop=0}
                      ; - java.lang.invoke.Invokers::checkExactType@1 (line 529)
                      ; - java.lang.invoke.LambdaForm$MH/0x0000012fc7003800::invokeExact_MT@11
                      ; - jdk.internal.reflect.DirectMethodHandleAccessor::invokeImpl@72 (line 155)
                      ; - jdk.internal.reflect.DirectMethodHandleAccessor::invoke@23 (line 103)
  0x0000012fbb7401d4: a814 31ff 

  0x0000012fbb7401d8: ;   {runtime_call throw_null_pointer_exception Runtime1 stub}
  0x0000012fbb7401d8: e8a3 1431 

  0x0000012fbb7401dc: ; ImmutableOopMap {rdx=Oop rsi=Oop rdi=Oop rbx=Oop [176]=Oop [192]=Oop [240]=Oop [248]=Oop [256]=Oop }
                      ;*getfield customized {reexecute=1 rethrow=0 return_oop=0}
                      ; - (reexecute) java.lang.invoke.Invokers::checkCustomized@12 (line 626)
                      ; - java.lang.invoke.LambdaForm$MH/0x0000012fc7003800::invokeExact_MT@15
                      ; - jdk.internal.reflect.DirectMethodHandleAccessor::invokeImpl@72 (line 155)
                      ; - jdk.internal.reflect.DirectMethodHandleAccessor::invoke@23 (line 103)
                      ;   {runtime_call throw_null_pointer_exception Runtime1 stub}
  0x0000012fbb7401dc: ffe8 9e14 

  0x0000012fbb7401e0: ; ImmutableOopMap {rdx=Oop r9=Oop rsi=Oop [176]=Oop [184]=Oop [192]=Oop [272]=Oop }
                      ;*aaload {reexecute=0 rethrow=0 return_oop=0}
                      ; - jdk.internal.reflect.DirectMethodHandleAccessor::invokeImpl@54 (line 154)
                      ; - jdk.internal.reflect.DirectMethodHandleAccessor::invoke@23 (line 103)
                      ;   {runtime_call throw_null_pointer_exception Runtime1 stub}
  0x0000012fbb7401e0: 31ff e899 

  0x0000012fbb7401e4: ; ImmutableOopMap {rdx=Oop r9=Oop rsi=Oop [176]=Oop [184]=Oop [192]=Oop [272]=Oop }
                      ;*aaload {reexecute=0 rethrow=0 return_oop=0}
                      ; - jdk.internal.reflect.DirectMethodHandleAccessor::invokeImpl@54 (line 154)
                      ; - jdk.internal.reflect.DirectMethodHandleAccessor::invoke@23 (line 103)
  0x0000012fbb7401e4: 1431 ff48 | c704 2400 | 0000 004c | 894c 2408 

  0x0000012fbb7401f4: ;   {runtime_call throw_range_check_failed Runtime1 stub}
  0x0000012fbb7401f4: e807 fe30 

  0x0000012fbb7401f8: ; ImmutableOopMap {rdx=Oop r9=Oop rsi=Oop [176]=Oop [184]=Oop [192]=Oop [272]=Oop }
                      ;*aaload {reexecute=0 rethrow=0 return_oop=0}
                      ; - jdk.internal.reflect.DirectMethodHandleAccessor::invokeImpl@54 (line 154)
                      ; - jdk.internal.reflect.DirectMethodHandleAccessor::invoke@23 (line 103)
                      ;   {runtime_call throw_null_pointer_exception Runtime1 stub}
  0x0000012fbb7401f8: ffe8 8214 

  0x0000012fbb7401fc: ; ImmutableOopMap {rdx=Oop rsi=Oop rdi=Oop [176]=Oop [192]=Oop [264]=Oop [272]=Oop }
                      ;*invokevirtual type {reexecute=0 rethrow=0 return_oop=0}
                      ; - java.lang.invoke.Invokers::checkExactType@1 (line 529)
                      ; - java.lang.invoke.Invokers$Holder::invokeExact_MT@10
                      ; - jdk.internal.reflect.DirectMethodHandleAccessor::invokeImpl@55 (line 154)
                      ; - jdk.internal.reflect.DirectMethodHandleAccessor::invoke@23 (line 103)
                      ;   {runtime_call throw_null_pointer_exception Runtime1 stub}
  0x0000012fbb7401fc: 31ff e87d 

  0x0000012fbb740200: ; ImmutableOopMap {rdx=Oop rsi=Oop rdi=Oop [176]=Oop [192]=Oop [264]=Oop [272]=Oop }
                      ;*getfield customized {reexecute=1 rethrow=0 return_oop=0}
                      ; - (reexecute) java.lang.invoke.Invokers::checkCustomized@12 (line 626)
                      ; - java.lang.invoke.Invokers$Holder::invokeExact_MT@14
                      ; - jdk.internal.reflect.DirectMethodHandleAccessor::invokeImpl@55 (line 154)
                      ; - jdk.internal.reflect.DirectMethodHandleAccessor::invoke@23 (line 103)
                      ;   {runtime_call throw_null_pointer_exception Runtime1 stub}
  0x0000012fbb740200: 1431 ffe8 

  0x0000012fbb740204: ; ImmutableOopMap {rdx=Oop rsi=Oop [176]=Oop [192]=Oop [280]=Oop }
                      ;*invokevirtual type {reexecute=0 rethrow=0 return_oop=0}
                      ; - java.lang.invoke.Invokers::checkExactType@1 (line 529)
                      ; - java.lang.invoke.Invokers$Holder::invokeExact_MT@10
                      ; - jdk.internal.reflect.DirectMethodHandleAccessor::invokeImpl@41 (line 153)
                      ; - jdk.internal.reflect.DirectMethodHandleAccessor::invoke@23 (line 103)
  0x0000012fbb740204: 7814 31ff 

  0x0000012fbb740208: ;   {runtime_call throw_null_pointer_exception Runtime1 stub}
  0x0000012fbb740208: e873 1431 

  0x0000012fbb74020c: ; ImmutableOopMap {rdx=Oop rsi=Oop [176]=Oop [192]=Oop [280]=Oop }
                      ;*getfield customized {reexecute=1 rethrow=0 return_oop=0}
                      ; - (reexecute) java.lang.invoke.Invokers::checkCustomized@12 (line 626)
                      ; - java.lang.invoke.Invokers$Holder::invokeExact_MT@14
                      ; - jdk.internal.reflect.DirectMethodHandleAccessor::invokeImpl@41 (line 153)
                      ; - jdk.internal.reflect.DirectMethodHandleAccessor::invoke@23 (line 103)
                      ;   {internal_word}
  0x0000012fbb74020c: ff49 baac | fb73 bb2f | 0100 004d | 8997 6004 

  0x0000012fbb74021c: ;   {runtime_call SafepointBlob}
  0x0000012fbb74021c: 0000 e9dd 

  0x0000012fbb740220: ;   {internal_word}
  0x0000012fbb740220: 5426 ff49 | baec fb73 | bb2f 0100 | 004d 8997 | 6004 0000 

  0x0000012fbb740234: ;   {runtime_call SafepointBlob}
  0x0000012fbb740234: e9c7 5426 

  0x0000012fbb740238: ;   {internal_word}
  0x0000012fbb740238: ff49 ba34 | fc73 bb2f | 0100 004d | 8997 6004 

  0x0000012fbb740248: ;   {runtime_call SafepointBlob}
  0x0000012fbb740248: 0000 e9b1 

  0x0000012fbb74024c: ;   {internal_word}
  0x0000012fbb74024c: 5426 ff49 | ba84 fc73 | bb2f 0100 | 004d 8997 | 6004 0000 

  0x0000012fbb740260: ;   {runtime_call SafepointBlob}
  0x0000012fbb740260: e99b 5426 

  0x0000012fbb740264: ;   {internal_word}
  0x0000012fbb740264: ff49 bac4 | fc73 bb2f | 0100 004d | 8997 6004 

  0x0000012fbb740274: ;   {runtime_call SafepointBlob}
  0x0000012fbb740274: 0000 e985 

  0x0000012fbb740278: ;   {runtime_call throw_null_pointer_exception Runtime1 stub}
  0x0000012fbb740278: 5426 ffe8 

  0x0000012fbb74027c: ; ImmutableOopMap {rax=Oop [176]=Oop [192]=Oop [280]=Oop }
                      ;*athrow {reexecute=1 rethrow=0 return_oop=0}
                      ; - (reexecute) java.lang.invoke.Invokers::checkExactType@15 (line 531)
                      ; - java.lang.invoke.Invokers$Holder::invokeExact_MT@10
                      ; - jdk.internal.reflect.DirectMethodHandleAccessor::invokeImpl@41 (line 153)
                      ; - jdk.internal.reflect.DirectMethodHandleAccessor::invoke@23 (line 103)
  0x0000012fbb74027c: 0014 31ff 

  0x0000012fbb740280: ;   {runtime_call throw_null_pointer_exception Runtime1 stub}
  0x0000012fbb740280: e8fb 1331 

  0x0000012fbb740284: ; ImmutableOopMap {rax=Oop [176]=Oop [192]=Oop [264]=Oop [272]=Oop }
                      ;*athrow {reexecute=1 rethrow=0 return_oop=0}
                      ; - (reexecute) java.lang.invoke.Invokers::checkExactType@15 (line 531)
                      ; - java.lang.invoke.Invokers$Holder::invokeExact_MT@10
                      ; - jdk.internal.reflect.DirectMethodHandleAccessor::invokeImpl@55 (line 154)
                      ; - jdk.internal.reflect.DirectMethodHandleAccessor::invoke@23 (line 103)
                      ;   {runtime_call throw_null_pointer_exception Runtime1 stub}
  0x0000012fbb740284: ffe8 f613 

  0x0000012fbb740288: ; ImmutableOopMap {rax=Oop [176]=Oop [192]=Oop [240]=Oop [248]=Oop [256]=Oop }
                      ;*athrow {reexecute=1 rethrow=0 return_oop=0}
                      ; - (reexecute) java.lang.invoke.Invokers::checkExactType@15 (line 531)
                      ; - java.lang.invoke.LambdaForm$MH/0x0000012fc7003800::invokeExact_MT@11
                      ; - jdk.internal.reflect.DirectMethodHandleAccessor::invokeImpl@72 (line 155)
                      ; - jdk.internal.reflect.DirectMethodHandleAccessor::invoke@23 (line 103)
                      ;   {runtime_call throw_null_pointer_exception Runtime1 stub}
  0x0000012fbb740288: 31ff e8f1 

  0x0000012fbb74028c: ; ImmutableOopMap {rax=Oop [176]=Oop [192]=Oop [208]=Oop [216]=Oop [224]=Oop [232]=Oop }
                      ;*athrow {reexecute=1 rethrow=0 return_oop=0}
                      ; - (reexecute) java.lang.invoke.Invokers::checkExactType@15 (line 531)
                      ; - java.lang.invoke.LambdaForm$MH/0x0000012fc7003c00::invokeExact_MT@11
                      ; - jdk.internal.reflect.DirectMethodHandleAccessor::invokeImpl@92 (line 156)
                      ; - jdk.internal.reflect.DirectMethodHandleAccessor::invoke@23 (line 103)
                      ;   {runtime_call throw_null_pointer_exception Runtime1 stub}
  0x0000012fbb74028c: 1331 ffe8 

  0x0000012fbb740290: ; ImmutableOopMap {rax=Oop [176]=Oop [184]=Oop [192]=Oop [200]=Oop }
                      ;*athrow {reexecute=1 rethrow=0 return_oop=0}
                      ; - (reexecute) java.lang.invoke.Invokers::checkExactType@15 (line 531)
                      ; - java.lang.invoke.Invokers$Holder::invokeExact_MT@10
                      ; - jdk.internal.reflect.DirectMethodHandleAccessor::invokeImpl@104 (line 157)
                      ; - jdk.internal.reflect.DirectMethodHandleAccessor::invoke@23 (line 103)
  0x0000012fbb740290: ec13 31ff 

  0x0000012fbb740294: ;   {runtime_call fast_new_instance Runtime1 stub}
  0x0000012fbb740294: 488b d2e8 

  0x0000012fbb740298: ; ImmutableOopMap {}
                      ;*new {reexecute=0 rethrow=0 return_oop=0}
                      ; - jdk.internal.reflect.DirectMethodHandleAccessor::invoke@36 (line 107)
  0x0000012fbb740298: 6421 31ff | e90e fcff | ff48 8bd2 

  0x0000012fbb7402a4: ;   {runtime_call fast_new_instance Runtime1 stub}
  0x0000012fbb7402a4: e857 2131 

  0x0000012fbb7402a8: ; ImmutableOopMap {r8=Oop }
                      ;*new {reexecute=0 rethrow=0 return_oop=0}
                      ; - jdk.internal.reflect.DirectMethodHandleAccessor::invoke@46 (line 109)
  0x0000012fbb7402a8: ffe9 93fc | ffff 488b 

  0x0000012fbb7402b0: ;   {runtime_call fast_new_instance Runtime1 stub}
  0x0000012fbb7402b0: d2e8 4a21 

  0x0000012fbb7402b4: ; ImmutableOopMap {[288]=Oop }
                      ;*new {reexecute=0 rethrow=0 return_oop=0}
                      ; - jdk.internal.reflect.DirectMethodHandleAccessor::invoke@64 (line 113)
  0x0000012fbb7402b4: 31ff e906 | fdff ff48 

  0x0000012fbb7402bc: ;   {runtime_call fast_new_instance Runtime1 stub}
  0x0000012fbb7402bc: 8bd2 e83d 

  0x0000012fbb7402c0: ; ImmutableOopMap {r8=Oop }
                      ;*new {reexecute=0 rethrow=0 return_oop=0}
                      ; - jdk.internal.reflect.DirectMethodHandleAccessor::invoke@73 (line 115)
  0x0000012fbb7402c0: 2131 ffe9 | 89fd ffff 

  0x0000012fbb7402c8: ;   {runtime_call fast_new_instance Runtime1 stub}
  0x0000012fbb7402c8: 488b d2e8 

  0x0000012fbb7402cc: ; ImmutableOopMap {[176]=Oop [184]=Oop [192]=Oop }
                      ;*new {reexecute=0 rethrow=0 return_oop=0}
                      ; - jdk.internal.reflect.DirectMethodHandleAccessor::checkReceiver@14 (line 197)
                      ; - jdk.internal.reflect.DirectMethodHandleAccessor::invoke@9 (line 99)
  0x0000012fbb7402cc: 3021 31ff | e9fc fdff | ff48 8bd2 

  0x0000012fbb7402d8: ;   {runtime_call fast_new_instance Runtime1 stub}
  0x0000012fbb7402d8: e823 2131 

  0x0000012fbb7402dc: ; ImmutableOopMap {r8=Oop }
                      ;*new {reexecute=0 rethrow=0 return_oop=0}
                      ; - jdk.internal.reflect.DirectMethodHandleAccessor::invoke@83 (line 118)
  0x0000012fbb7402dc: ffe9 95fe | ffff 498b | 87f8 0400 | 0049 c787 | f804 0000 | 0000 0000 | 49c7 8700 | 0500 0000 
  0x0000012fbb7402fc: 0000 0048 | 81c4 7001 

  0x0000012fbb740304: ;   {runtime_call unwind_exception Runtime1 stub}
  0x0000012fbb740304: 0000 5de9 | f4f6 30ff | f4f4 f4f4 
[Stub Code]
  0x0000012fbb740310: ;   {no_reloc}
  0x0000012fbb740310: 0f1f 4400 

  0x0000012fbb740314: ;   {static_stub}
  0x0000012fbb740314: 0048 bb00 | 0000 0000 

  0x0000012fbb74031c: ;   {runtime_call nmethod}
  0x0000012fbb74031c: 0000 00e9 | fbff ffff 

  0x0000012fbb740324: ;   {static_stub}
  0x0000012fbb740324: 9048 bb00 | 0000 0000 

  0x0000012fbb74032c: ;   {runtime_call nmethod}
  0x0000012fbb74032c: 0000 00e9 | fbff ffff 

  0x0000012fbb740334: ;   {static_stub}
  0x0000012fbb740334: 48bb 0000 | 0000 0000 

  0x0000012fbb74033c: ;   {runtime_call nmethod}
  0x0000012fbb74033c: 0000 e9fb 

  0x0000012fbb740340: ;   {static_stub}
  0x0000012fbb740340: ffff ff48 | bb00 0000 | 0000 0000 

  0x0000012fbb74034c: ;   {runtime_call nmethod}
  0x0000012fbb74034c: 00e9 fbff 

  0x0000012fbb740350: ;   {static_stub}
  0x0000012fbb740350: ffff 48bb | 0000 0000 | 0000 0000 

  0x0000012fbb74035c: ;   {runtime_call nmethod}
  0x0000012fbb74035c: e9fb ffff 

  0x0000012fbb740360: ;   {static_stub}
  0x0000012fbb740360: ff48 bb00 | 0000 0000 

  0x0000012fbb740368: ;   {runtime_call nmethod}
  0x0000012fbb740368: 0000 00e9 | fbff ffff 

  0x0000012fbb740370: ;   {static_stub}
  0x0000012fbb740370: 48bb 0000 | 0000 0000 

  0x0000012fbb740378: ;   {runtime_call nmethod}
  0x0000012fbb740378: 0000 e9fb 

  0x0000012fbb74037c: ;   {static_stub}
  0x0000012fbb74037c: ffff ff48 | bb00 0000 | 0000 0000 

  0x0000012fbb740388: ;   {runtime_call nmethod}
  0x0000012fbb740388: 00e9 fbff 

  0x0000012fbb74038c: ;   {static_stub}
  0x0000012fbb74038c: ffff 48bb | 0000 0000 | 0000 0000 

  0x0000012fbb740398: ;   {runtime_call nmethod}
  0x0000012fbb740398: e9fb ffff 

  0x0000012fbb74039c: ;   {static_stub}
  0x0000012fbb74039c: ff48 bb00 | 0000 0000 

  0x0000012fbb7403a4: ;   {runtime_call nmethod}
  0x0000012fbb7403a4: 0000 00e9 | fbff ffff 

  0x0000012fbb7403ac: ;   {static_stub}
  0x0000012fbb7403ac: 48bb 0000 | 0000 0000 

  0x0000012fbb7403b4: ;   {runtime_call nmethod}
  0x0000012fbb7403b4: 0000 e9fb 

  0x0000012fbb7403b8: ;   {static_stub}
  0x0000012fbb7403b8: ffff ff48 | bb48 1908 | 0730 0100 

  0x0000012fbb7403c4: ;   {runtime_call I2C/C2I adapters}
  0x0000012fbb7403c4: 00e9 1d3e 

  0x0000012fbb7403c8: ;   {static_stub}
  0x0000012fbb7403c8: 26ff 48bb | 0000 0000 | 0000 0000 

  0x0000012fbb7403d4: ;   {runtime_call nmethod}
  0x0000012fbb7403d4: e9fb ffff 

  0x0000012fbb7403d8: ;   {runtime_call handle_exception_from_callee Runtime1 stub}
  0x0000012fbb7403d8: ffe8 2248 

  0x0000012fbb7403dc: ;   {external_word}
  0x0000012fbb7403dc: 31ff 48b9 | 4080 13e6 | ff7f 0000 | 4883 e4f0 

  0x0000012fbb7403ec: ;   {runtime_call}
  0x0000012fbb7403ec: 48b8 80ed | d5e5 ff7f | 0000 ffd0 

  0x0000012fbb7403f8: ;   {section_word}
  0x0000012fbb7403f8: f449 baf9 | 0374 bb2f | 0100 0041 

  0x0000012fbb740404: ;   {runtime_call DeoptimizationBlob}
  0x0000012fbb740404: 52e9 9645 

  0x0000012fbb740408: ;   {section_word}
  0x0000012fbb740408: 26ff 49ba | 0a04 74bb | 2f01 0000 

  0x0000012fbb740414: ;   {runtime_call DeoptimizationBlob}
  0x0000012fbb740414: 4152 e985 | 4526 fff4 | f4f4 f4f4 
[/MachCode]


Compiled method (c1) 28289 4769       1       java.lang.reflect.Method::invoke (108 bytes)
 total in heap  [0x0000012fbb75bd90,0x0000012fbb75c3a0] = 1552
 relocation     [0x0000012fbb75bef0,0x0000012fbb75bf80] = 144
 main code      [0x0000012fbb75bf80,0x0000012fbb75c1d8] = 600
 stub code      [0x0000012fbb75c1d8,0x0000012fbb75c270] = 152
 metadata       [0x0000012fbb75c270,0x0000012fbb75c278] = 8
 scopes data    [0x0000012fbb75c278,0x0000012fbb75c2f8] = 128
 scopes pcs     [0x0000012fbb75c2f8,0x0000012fbb75c388] = 144
 dependencies   [0x0000012fbb75c388,0x0000012fbb75c390] = 8
 nul chk table  [0x0000012fbb75c390,0x0000012fbb75c3a0] = 16

[Constant Pool (empty)]

[MachCode]
[Entry Point]
  # {method} {0x0000012fc6043cd8} 'invoke' '(Ljava/lang/Object;[Ljava/lang/Object;)Ljava/lang/Object;' in 'java/lang/reflect/Method'
  # this:     rdx:rdx   = 'java/lang/reflect/Method'
  # parm0:    r8:r8     = 'java/lang/Object'
  # parm1:    r9:r9     = '[Ljava/lang/Object;'
  #           [sp+0x90]  (sp of caller)
  0x0000012fbb75bf80: 448b 5208 | 49bb 0000 | 00c6 2f01 | 0000 4d03 | d34c 3bd0 

  0x0000012fbb75bf94: ;   {runtime_call ic_miss_stub}
  0x0000012fbb75bf94: 0f85 e627 | 24ff 660f | 1f44 0000 
[Verified Entry Point]
  0x0000012fbb75bfa0: 8984 2400 | 80ff ff55 | 4881 ec80 | 0000 0090 | 4181 7f20 | 0900 0000 

  0x0000012fbb75bfb8: ;   {runtime_call StubRoutines (final stubs)}
  0x0000012fbb75bfb8: 7405 e8a1 | 8d22 ff48 | 8954 2448 | 4c89 4424 | 504c 894c | 2458 488b | f248 8bd6 

  0x0000012fbb75bfd4: ;   {optimized virtual_call}
  0x0000012fbb75bfd4: 6666 90e8 

  0x0000012fbb75bfd8: ; ImmutableOopMap {[72]=Oop [80]=Oop [88]=Oop }
                      ;*invokevirtual isCallerSensitive {reexecute=0 rethrow=0 return_oop=0}
                      ; - java.lang.reflect.Method::invoke@1 (line 561)
  0x0000012fbb75bfd8: 0484 f8ff 

  0x0000012fbb75bfdc: ;   {other}
  0x0000012fbb75bfdc: 0f1f 8400 | 4c02 0000 | 488b 5424 | 480f be72 | 0c85 f60f | 841b 0000 | 0085 c00f | 8513 0000 
  0x0000012fbb75bffc: ;   {oop(nullptr)}
  0x0000012fbb75bffc: 0048 bb00 | 0000 0000 | 0000 0089 | 4424 60e9 | 1c00 0000 | 8944 2460 

  0x0000012fbb75c014: ;   {static_call}
  0x0000012fbb75c014: 6666 90e8 

  0x0000012fbb75c018: ; ImmutableOopMap {[72]=Oop [80]=Oop [88]=Oop }
                      ;*invokestatic getCallerClass {reexecute=0 rethrow=0 return_oop=0}
                      ; - java.lang.reflect.Method::invoke@19 (line 564)
  0x0000012fbb75c018: 4405 52ff 

  0x0000012fbb75c01c: ;   {other}
  0x0000012fbb75c01c: 0f1f 8400 | 8c02 0001 | 488b d848 | 8b54 2448 | 440f be42 | 0c45 85c0 | 0f84 0a00 | 0000 4889 
  0x0000012fbb75c03c: 5c24 68e9 | 7d00 0000 | 448b 4a24 | 49c1 e103 | 8b72 204c | 8bc6 4183 | e008 4585 | c041 b800 
  0x0000012fbb75c05c: 0000 0074 | 0641 b801 | 0000 0041 | 83e0 0145 | 85c0 0f84 | 0f00 0000 

  0x0000012fbb75c074: ;   {oop(nullptr)}
  0x0000012fbb75c074: 48bf 0000 | 0000 0000 | 0000 e91d | 0000 004c | 8b44 2450 

  0x0000012fbb75c088: ; implicit exception: dispatches to 0x0000012fbb75c17a
  0x0000012fbb75c088: 418b 7808 | 49ba 0000 | 00c6 2f01 | 0000 4903 | fa48 8b7f | 7048 8b3f | 4c8b c348 | 8bca 488b 
  0x0000012fbb75c0a8: d148 895c 

  0x0000012fbb75c0ac: ;   {optimized virtual_call}
  0x0000012fbb75c0ac: 2468 90e8 

  0x0000012fbb75c0b0: ; ImmutableOopMap {[72]=Oop [80]=Oop [88]=Oop [104]=Oop }
                      ;*invokevirtual checkAccess {reexecute=0 rethrow=0 return_oop=0}
                      ; - java.lang.reflect.Method::invoke@60 (line 571)
  0x0000012fbb75c0b0: cc98 6aff 

  0x0000012fbb75c0b4: ;   {other}
  0x0000012fbb75c0b4: 0f1f 8400 | 2403 0002 | 488b 5424 | 488b 724c | 48c1 e603 | 4885 f60f | 8516 0000 | 0066 0f1f 
  0x0000012fbb75c0d4: ;   {optimized virtual_call}
  0x0000012fbb75c0d4: 4400 00e8 

  0x0000012fbb75c0d8: ; ImmutableOopMap {[80]=Oop [88]=Oop [104]=Oop }
                      ;*invokevirtual acquireMethodAccessor {reexecute=0 rethrow=0 return_oop=0}
                      ; - java.lang.reflect.Method::invoke@75 (line 577)
  0x0000012fbb75c0d8: 24ed c8ff 

  0x0000012fbb75c0dc: ;   {other}
  0x0000012fbb75c0dc: 0f1f 8400 | 4c03 0003 | 488b f08b | 4424 6085 | c00f 8447 | 0000 0048 | 8b5c 2468 | 4c8b 4424 
  0x0000012fbb75c0fc: 504c 8b4c | 2458 488b | fb48 8bd6 | 0f1f 4400 | 0048 b880 | 51c5 0d30 

  0x0000012fbb75c114: ;   {virtual_call}
  0x0000012fbb75c114: 0100 00e8 

  0x0000012fbb75c118: ; ImmutableOopMap {}
                      ;*invokeinterface invoke {reexecute=0 rethrow=0 return_oop=0}
                      ; - java.lang.reflect.Method::invoke@90 (line 580)
  0x0000012fbb75c118: 215e 23ff 

  0x0000012fbb75c11c: ;   {other}
  0x0000012fbb75c11c: 0f1f 8400 | 8c03 0004 | 4881 c480 | 0000 005d 

  0x0000012fbb75c12c: ;   {poll_return}
  0x0000012fbb75c12c: 493b a748 | 0400 000f | 8746 0000 | 00c3 4c8b | 4c24 584c | 8b44 2450 | 488b d666 | 0f1f 4400 
  0x0000012fbb75c14c: 0048 b8b0 | dc19 c62f 

  0x0000012fbb75c154: ;   {virtual_call}
  0x0000012fbb75c154: 0100 00e8 

  0x0000012fbb75c158: ; ImmutableOopMap {}
                      ;*invokeinterface invoke {reexecute=0 rethrow=0 return_oop=0}
                      ; - java.lang.reflect.Method::invoke@102 (line 580)
  0x0000012fbb75c158: c436 feff 

  0x0000012fbb75c15c: ;   {other}
  0x0000012fbb75c15c: 0f1f 8400 | cc03 0005 | 4881 c480 | 0000 005d 

  0x0000012fbb75c16c: ;   {poll_return}
  0x0000012fbb75c16c: 493b a748 | 0400 000f | 871c 0000 

  0x0000012fbb75c178: ;   {runtime_call throw_null_pointer_exception Runtime1 stub}
  0x0000012fbb75c178: 00c3 e801 

  0x0000012fbb75c17c: ; ImmutableOopMap {rbx=Oop rdx=Oop r9=Oop r8=Oop [72]=Oop [80]=Oop [88]=Oop }
                      ;*invokevirtual getClass {reexecute=0 rethrow=0 return_oop=0}
                      ; - java.lang.reflect.Method::invoke@53 (line 572)
                      ;   {internal_word}
  0x0000012fbb75c17c: 552f ff49 | ba2c c175 | bb2f 0100 | 004d 8997 | 6004 0000 

  0x0000012fbb75c190: ;   {runtime_call SafepointBlob}
  0x0000012fbb75c190: e96b 9524 

  0x0000012fbb75c194: ;   {internal_word}
  0x0000012fbb75c194: ff49 ba6c | c175 bb2f | 0100 004d | 8997 6004 

  0x0000012fbb75c1a4: ;   {runtime_call SafepointBlob}
  0x0000012fbb75c1a4: 0000 e955 | 9524 ff49 | 8b87 f804 | 0000 49c7 | 87f8 0400 | 0000 0000 | 0049 c787 | 0005 0000 
  0x0000012fbb75c1c4: 0000 0000 | 4881 c480 | 0000 005d 

  0x0000012fbb75c1d0: ;   {runtime_call unwind_exception Runtime1 stub}
  0x0000012fbb75c1d0: e92b 382f | fff4 f4f4 
[Stub Code]
  0x0000012fbb75c1d8: ;   {no_reloc}
  0x0000012fbb75c1d8: 0f1f 4400 

  0x0000012fbb75c1dc: ;   {static_stub}
  0x0000012fbb75c1dc: 0048 bb00 | 0000 0000 

  0x0000012fbb75c1e4: ;   {runtime_call nmethod}
  0x0000012fbb75c1e4: 0000 00e9 | fbff ffff 

  0x0000012fbb75c1ec: ;   {static_stub}
  0x0000012fbb75c1ec: 9048 bb00 | 0000 0000 

  0x0000012fbb75c1f4: ;   {runtime_call nmethod}
  0x0000012fbb75c1f4: 0000 00e9 | fbff ffff 

  0x0000012fbb75c1fc: ;   {static_stub}
  0x0000012fbb75c1fc: 48bb 0000 | 0000 0000 

  0x0000012fbb75c204: ;   {runtime_call nmethod}
  0x0000012fbb75c204: 0000 e9fb 

  0x0000012fbb75c208: ;   {static_stub}
  0x0000012fbb75c208: ffff ff48 | bb00 0000 | 0000 0000 

  0x0000012fbb75c214: ;   {runtime_call nmethod}
  0x0000012fbb75c214: 00e9 fbff 

  0x0000012fbb75c218: ;   {static_stub}
  0x0000012fbb75c218: ffff 48bb | 0000 0000 | 0000 0000 

  0x0000012fbb75c224: ;   {runtime_call nmethod}
  0x0000012fbb75c224: e9fb ffff 

  0x0000012fbb75c228: ;   {static_stub}
  0x0000012fbb75c228: ff48 bb48 | 4104 c62f 

  0x0000012fbb75c230: ;   {runtime_call I2C/C2I adapters}
  0x0000012fbb75c230: 0100 00e9 | 2b72 24ff 
[Exception Handler]
  0x0000012fbb75c238: ;   {runtime_call handle_exception_from_callee Runtime1 stub}
  0x0000012fbb75c238: e8c3 892f 

  0x0000012fbb75c23c: ;   {external_word}
  0x0000012fbb75c23c: ff48 b940 | 8013 e6ff | 7f00 0048 

  0x0000012fbb75c248: ;   {runtime_call}
  0x0000012fbb75c248: 83e4 f048 | b880 edd5 | e5ff 7f00 | 00ff d0f4 
[Deopt Handler Code]
  0x0000012fbb75c258: ;   {section_word}
  0x0000012fbb75c258: 49ba 58c2 | 75bb 2f01 | 0000 4152 

  0x0000012fbb75c264: ;   {runtime_call DeoptimizationBlob}
  0x0000012fbb75c264: e937 8724 | fff4 f4f4 | f4f4 f4f4 
[/MachCode]


---------------  P R O C E S S  ---------------

Threads class SMR info:
_java_thread_list=0x000001300b78a9a0, length=35, elements={
0x0000012fc5176350, 0x0000012fc5176da0, 0x0000012fc517e6e0, 0x000001300b009d60,
0x000001300b00ad90, 0x000001300b010f50, 0x000001300b014ab0, 0x0000012fc514b890,
0x000001300b735d30, 0x000001300b736390, 0x000001300b9515f0, 0x000001300ba53db0,
0x000001300bbcc350, 0x000001300bbe14f0, 0x000001300c150c20, 0x000001300dc066d0,
0x000001300dc038e0, 0x000001300dc06d60, 0x000001300dc04600, 0x000001300dc073f0,
0x000001300dc04c90, 0x000001300dc03f70, 0x000001300dc059b0, 0x000001300dc07a80,
0x000001300dc08110, 0x000001300dc06040, 0x000001300dc087a0, 0x000001300dc05320,
0x000001300dc0af00, 0x000001300dc08e30, 0x000001300dc094c0, 0x000001300dc09b50,
0x000001300dc0a1e0, 0x000001300dc0a870, 0x000001300b7e0a10
}

Java Threads: ( => current thread )
  0x0000012fc5176350 JavaThread "Reference Handler"          daemon [_thread_blocked, id=4512, stack(0x000000178e000000,0x000000178e100000) (1024K)]
  0x0000012fc5176da0 JavaThread "Finalizer"                  daemon [_thread_blocked, id=18456, stack(0x000000178e100000,0x000000178e200000) (1024K)]
  0x0000012fc517e6e0 JavaThread "Signal Dispatcher"          daemon [_thread_blocked, id=5516, stack(0x000000178e200000,0x000000178e300000) (1024K)]
  0x000001300b009d60 JavaThread "Attach Listener"            daemon [_thread_blocked, id=17308, stack(0x000000178e300000,0x000000178e400000) (1024K)]
  0x000001300b00ad90 JavaThread "Service Thread"             daemon [_thread_blocked, id=16600, stack(0x000000178e400000,0x000000178e500000) (1024K)]
  0x000001300b010f50 JavaThread "Monitor Deflation Thread"   daemon [_thread_blocked, id=19420, stack(0x000000178e500000,0x000000178e600000) (1024K)]
  0x000001300b014ab0 JavaThread "C1 CompilerThread0"         daemon [_thread_blocked, id=3428, stack(0x000000178e600000,0x000000178e700000) (1024K)]
  0x0000012fc514b890 JavaThread "Common-Cleaner"             daemon [_thread_blocked, id=17132, stack(0x000000178e700000,0x000000178e800000) (1024K)]
  0x000001300b735d30 JavaThread "Monitor Ctrl-Break"         daemon [_thread_in_native, id=5432, stack(0x000000178ec00000,0x000000178ed00000) (1024K)]
  0x000001300b736390 JavaThread "Notification Thread"        daemon [_thread_blocked, id=13176, stack(0x000000178ed00000,0x000000178ee00000) (1024K)]
  0x000001300b9515f0 JavaThread "RMI TCP Accept-0"           daemon [_thread_in_native, id=19280, stack(0x000000178ee00000,0x000000178ef00000) (1024K)]
  0x000001300ba53db0 JavaThread "RMI TCP Connection(1)-192.168.55.102" daemon [_thread_in_native, id=9528, stack(0x000000178f700000,0x000000178f800000) (1024K)]
  0x000001300bbcc350 JavaThread "RMI Scheduler(0)"           daemon [_thread_blocked, id=15208, stack(0x000000178f800000,0x000000178f900000) (1024K)]
  0x000001300bbe14f0 JavaThread "JMX server connection timeout 42" daemon [_thread_blocked, id=4448, stack(0x000000178f900000,0x000000178fa00000) (1024K)]
  0x000001300c150c20 JavaThread "Catalina-utility-1"                [_thread_blocked, id=1432, stack(0x000000178fe00000,0x000000178ff00000) (1024K)]
  0x000001300dc066d0 JavaThread "Catalina-utility-2"                [_thread_blocked, id=12292, stack(0x0000001790900000,0x0000001790a00000) (1024K)]
  0x000001300dc038e0 JavaThread "container-0"                       [_thread_blocked, id=9748, stack(0x0000001790a00000,0x0000001790b00000) (1024K)]
  0x000001300dc06d60 JavaThread "File Watcher"               daemon [_thread_blocked, id=11388, stack(0x0000001790500000,0x0000001790600000) (1024K)]
  0x000001300dc04600 JavaThread "Live Reload Server"         daemon [_thread_in_native, id=10000, stack(0x0000001790800000,0x0000001790900000) (1024K)]
=>0x000001300dc073f0 JavaThread "http-nio-8080-exec-1"       daemon [_thread_in_native, id=5932, stack(0x0000001790700000,0x0000001790800000) (1024K)]
  0x000001300dc04c90 JavaThread "http-nio-8080-exec-2"       daemon [_thread_blocked, id=18584, stack(0x0000001790c00000,0x0000001790d00000) (1024K)]
  0x000001300dc03f70 JavaThread "http-nio-8080-exec-3"       daemon [_thread_blocked, id=13708, stack(0x0000001790d00000,0x0000001790e00000) (1024K)]
  0x000001300dc059b0 JavaThread "http-nio-8080-exec-4"       daemon [_thread_blocked, id=8240, stack(0x0000001790e00000,0x0000001790f00000) (1024K)]
  0x000001300dc07a80 JavaThread "http-nio-8080-exec-5"       daemon [_thread_blocked, id=10236, stack(0x0000001790f00000,0x0000001791000000) (1024K)]
  0x000001300dc08110 JavaThread "http-nio-8080-exec-6"       daemon [_thread_blocked, id=3908, stack(0x0000001791000000,0x0000001791100000) (1024K)]
  0x000001300dc06040 JavaThread "http-nio-8080-exec-7"       daemon [_thread_blocked, id=18384, stack(0x0000001791100000,0x0000001791200000) (1024K)]
  0x000001300dc087a0 JavaThread "http-nio-8080-exec-8"       daemon [_thread_blocked, id=7552, stack(0x0000001791200000,0x0000001791300000) (1024K)]
  0x000001300dc05320 JavaThread "http-nio-8080-exec-9"       daemon [_thread_blocked, id=8940, stack(0x0000001791300000,0x0000001791400000) (1024K)]
  0x000001300dc0af00 JavaThread "http-nio-8080-exec-10"      daemon [_thread_blocked, id=9180, stack(0x0000001791400000,0x0000001791500000) (1024K)]
  0x000001300dc08e30 JavaThread "http-nio-8080-Poller"       daemon [_thread_in_native, id=11588, stack(0x0000001791500000,0x0000001791600000) (1024K)]
  0x000001300dc094c0 JavaThread "http-nio-8080-Acceptor"     daemon [_thread_in_native, id=13896, stack(0x0000001791600000,0x0000001791700000) (1024K)]
  0x000001300dc09b50 JavaThread "grpc-nio-boss-ELG-1-1"      daemon [_thread_in_native, id=18536, stack(0x0000001791700000,0x0000001791800000) (1024K)]
  0x000001300dc0a1e0 JavaThread "grpc-server-container-0"           [_thread_blocked, id=14216, stack(0x0000001791800000,0x0000001791900000) (1024K)]
  0x000001300dc0a870 JavaThread "DestroyJavaVM"                     [_thread_blocked, id=18924, stack(0x000000178d800000,0x000000178d900000) (1024K)]
  0x000001300b7e0a10 JavaThread "RMI TCP Connection(2)-192.168.55.102" daemon [_thread_in_native, id=3076, stack(0x000000178fa00000,0x000000178fb00000) (1024K)]
Total: 35

Other Threads:
  0x0000012fc515d5b0 VMThread "VM Thread"                           [id=17844, stack(0x000000178df00000,0x000000178e000000) (1024K)]
  0x0000012fc514b000 WatcherThread "VM Periodic Task Thread"        [id=5076, stack(0x000000178de00000,0x000000178df00000) (1024K)]
  0x0000012fb22f2ae0 WorkerThread "GC Thread#0"                     [id=10052, stack(0x000000178d900000,0x000000178da00000) (1024K)]
  0x000001300b97b8d0 WorkerThread "GC Thread#1"                     [id=11464, stack(0x000000178ef00000,0x000000178f000000) (1024K)]
  0x000001300b97c480 WorkerThread "GC Thread#2"                     [id=17796, stack(0x000000178f000000,0x000000178f100000) (1024K)]
  0x000001300b97c820 WorkerThread "GC Thread#3"                     [id=3608, stack(0x000000178f100000,0x000000178f200000) (1024K)]
  0x000001300b98abd0 WorkerThread "GC Thread#4"                     [id=8204, stack(0x000000178f200000,0x000000178f300000) (1024K)]
  0x000001300b9c5770 WorkerThread "GC Thread#5"                     [id=2304, stack(0x000000178f300000,0x000000178f400000) (1024K)]
  0x000001300b9c5b10 WorkerThread "GC Thread#6"                     [id=5184, stack(0x000000178f400000,0x000000178f500000) (1024K)]
  0x000001300b9c6ec0 WorkerThread "GC Thread#7"                     [id=11904, stack(0x000000178f500000,0x000000178f600000) (1024K)]
  0x000001300b9cba80 WorkerThread "GC Thread#8"                     [id=14608, stack(0x000000178f600000,0x000000178f700000) (1024K)]
  0x000001300c229200 WorkerThread "GC Thread#9"                     [id=1380, stack(0x000000178fc00000,0x000000178fd00000) (1024K)]
  0x000001300c24c560 WorkerThread "GC Thread#10"                    [id=6708, stack(0x000000178fd00000,0x000000178fe00000) (1024K)]
  0x000001300c24be20 WorkerThread "GC Thread#11"                    [id=18452, stack(0x0000001790200000,0x0000001790300000) (1024K)]
  0x000001300c24d040 WorkerThread "GC Thread#12"                    [id=17588, stack(0x0000001790300000,0x0000001790400000) (1024K)]
  0x0000012fb2303dd0 ConcurrentGCThread "G1 Main Marker"            [id=2580, stack(0x000000178da00000,0x000000178db00000) (1024K)]
  0x0000012fb23066f0 WorkerThread "G1 Conc#0"                       [id=6220, stack(0x000000178db00000,0x000000178dc00000) (1024K)]
  0x000001300c24c1c0 WorkerThread "G1 Conc#1"                       [id=9636, stack(0x0000001790400000,0x0000001790500000) (1024K)]
  0x000001300c24c900 WorkerThread "G1 Conc#2"                       [id=12624, stack(0x0000001790600000,0x0000001790700000) (1024K)]
  0x0000012fc501c4d0 ConcurrentGCThread "G1 Refine#0"               [id=5016, stack(0x000000178dc00000,0x000000178dd00000) (1024K)]
  0x0000012fc501dd00 ConcurrentGCThread "G1 Service"                [id=1192, stack(0x000000178dd00000,0x000000178de00000) (1024K)]
Total: 21

Threads with active compile tasks:
Total: 0

VM state: not at safepoint (normal execution)

VM Mutex/Monitor currently owned by a thread: None

Heap address: 0x000000070a800000, size: 3928 MB, Compressed Oops mode: Zero based, Oop shift amount: 3

CDS archive(s) mapped at: [0x0000012fc6000000-0x0000012fc6c80000-0x0000012fc6c80000), size 13107200, SharedBaseAddress: 0x0000012fc6000000, ArchiveRelocationMode: 1.
Compressed class space mapped at: 0x0000012fc7000000-0x0000013007000000, reserved size: 1073741824
Narrow klass base: 0x0000012fc6000000, Narrow klass shift: 0, Narrow klass range: 0x100000000

GC Precious Log:
 CardTable entry size: 512
 Card Set container configuration: InlinePtr #cards 4 size 8 Array Of Cards #cards 16 size 48 Howl #buckets 8 coarsen threshold 3686 Howl Bitmap #cards 512 size 80 coarsen threshold 460 Card regions per heap region 1 cards per card region 4096
 CPUs: 16 total, 16 available
 Memory: 15709M
 Large Page Support: Disabled
 NUMA Support: Disabled
 Compressed Oops: Enabled (Zero based)
 Heap Region Size: 2M
 Heap Min Capacity: 8M
 Heap Initial Capacity: 246M
 Heap Max Capacity: 3928M
 Pre-touch: Disabled
 Parallel Workers: 13
 Concurrent Workers: 3
 Concurrent Refinement Workers: 13
 Periodic GC: Disabled

Heap:
 garbage-first heap   total 69632K, used 39375K [0x000000070a800000, 0x0000000800000000)
  region size 2048K, 4 young (8192K), 1 survivors (2048K)
 Metaspace       used 70401K, committed 71168K, reserved 1114112K
  class space    used 9758K, committed 10112K, reserved 1048576K

Heap Regions: E=young(eden), S=young(survivor), O=old, HS=humongous(starts), HC=humongous(continues), CS=collection set, F=free, TAMS=top-at-mark-start, PB=parsable bottom
|   0|0x000000070a800000, 0x000000070aa00000, 0x000000070aa00000|100%| O|  |TAMS 0x000000070a800000| PB 0x000000070a800000| Untracked 
|   1|0x000000070aa00000, 0x000000070ac00000, 0x000000070ac00000|100%| O|  |TAMS 0x000000070aa00000| PB 0x000000070aa00000| Untracked 
|   2|0x000000070ac00000, 0x000000070ae00000, 0x000000070ae00000|100%| O|  |TAMS 0x000000070ac00000| PB 0x000000070ac00000| Untracked 
|   3|0x000000070ae00000, 0x000000070b000000, 0x000000070b000000|100%| O|  |TAMS 0x000000070ae00000| PB 0x000000070ae00000| Untracked 
|   4|0x000000070b000000, 0x000000070b200000, 0x000000070b200000|100%| O|  |TAMS 0x000000070b000000| PB 0x000000070b000000| Untracked 
|   5|0x000000070b200000, 0x000000070b400000, 0x000000070b400000|100%| O|  |TAMS 0x000000070b200000| PB 0x000000070b200000| Untracked 
|   6|0x000000070b400000, 0x000000070b600000, 0x000000070b600000|100%| O|  |TAMS 0x000000070b400000| PB 0x000000070b400000| Untracked 
|   7|0x000000070b600000, 0x000000070b800000, 0x000000070b800000|100%| O|  |TAMS 0x000000070b600000| PB 0x000000070b600000| Untracked 
|   8|0x000000070b800000, 0x000000070ba00000, 0x000000070ba00000|100%| O|  |TAMS 0x000000070b800000| PB 0x000000070b800000| Untracked 
|   9|0x000000070ba00000, 0x000000070bc00000, 0x000000070bc00000|100%| O|  |TAMS 0x000000070ba00000| PB 0x000000070ba00000| Untracked 
|  10|0x000000070bc00000, 0x000000070be00000, 0x000000070be00000|100%| O|Cm|TAMS 0x000000070bc00000| PB 0x000000070bc00000| Complete 
|  11|0x000000070be00000, 0x000000070c000000, 0x000000070c000000|100%| O|  |TAMS 0x000000070be00000| PB 0x000000070be00000| Untracked 
|  12|0x000000070c000000, 0x000000070c200000, 0x000000070c200000|100%| O|  |TAMS 0x000000070c000000| PB 0x000000070c000000| Untracked 
|  13|0x000000070c200000, 0x000000070c400000, 0x000000070c400000|100%| O|  |TAMS 0x000000070c200000| PB 0x000000070c200000| Untracked 
|  14|0x000000070c400000, 0x000000070c600000, 0x000000070c600000|100%| O|  |TAMS 0x000000070c400000| PB 0x000000070c400000| Untracked 
|  15|0x000000070c600000, 0x000000070c800000, 0x000000070c800000|100%| O|  |TAMS 0x000000070c600000| PB 0x000000070c600000| Untracked 
|  16|0x000000070c800000, 0x000000070c875638, 0x000000070ca00000| 22%| O|  |TAMS 0x000000070c800000| PB 0x000000070c800000| Untracked 
|  17|0x000000070ca00000, 0x000000070ca00000, 0x000000070cc00000|  0%| F|  |TAMS 0x000000070ca00000| PB 0x000000070ca00000| Untracked 
|  18|0x000000070cc00000, 0x000000070cc00000, 0x000000070ce00000|  0%| F|  |TAMS 0x000000070cc00000| PB 0x000000070cc00000| Untracked 
|  19|0x000000070ce00000, 0x000000070ce00000, 0x000000070d000000|  0%| F|  |TAMS 0x000000070ce00000| PB 0x000000070ce00000| Untracked 
|  20|0x000000070d000000, 0x000000070d000000, 0x000000070d200000|  0%| F|  |TAMS 0x000000070d000000| PB 0x000000070d000000| Untracked 
|  21|0x000000070d200000, 0x000000070d200000, 0x000000070d400000|  0%| F|  |TAMS 0x000000070d200000| PB 0x000000070d200000| Untracked 
|  22|0x000000070d400000, 0x000000070d5fe920, 0x000000070d600000| 99%| S|CS|TAMS 0x000000070d400000| PB 0x000000070d400000| Complete 
|  23|0x000000070d600000, 0x000000070d600000, 0x000000070d800000|  0%| F|  |TAMS 0x000000070d600000| PB 0x000000070d600000| Untracked 
|  24|0x000000070d800000, 0x000000070d800000, 0x000000070da00000|  0%| F|  |TAMS 0x000000070d800000| PB 0x000000070d800000| Untracked 
|  25|0x000000070da00000, 0x000000070da00000, 0x000000070dc00000|  0%| F|  |TAMS 0x000000070da00000| PB 0x000000070da00000| Untracked 
|  26|0x000000070dc00000, 0x000000070dc00000, 0x000000070de00000|  0%| F|  |TAMS 0x000000070dc00000| PB 0x000000070dc00000| Untracked 
|  27|0x000000070de00000, 0x000000070de00000, 0x000000070e000000|  0%| F|  |TAMS 0x000000070de00000| PB 0x000000070de00000| Untracked 
|  28|0x000000070e000000, 0x000000070e000000, 0x000000070e200000|  0%| F|  |TAMS 0x000000070e000000| PB 0x000000070e000000| Untracked 
|  29|0x000000070e200000, 0x000000070e200000, 0x000000070e400000|  0%| F|  |TAMS 0x000000070e200000| PB 0x000000070e200000| Untracked 
|  64|0x0000000712800000, 0x0000000712800000, 0x0000000712a00000|  0%| F|  |TAMS 0x0000000712800000| PB 0x0000000712800000| Untracked 
|  65|0x0000000712a00000, 0x0000000712b56e50, 0x0000000712c00000| 66%| E|  |TAMS 0x0000000712a00000| PB 0x0000000712a00000| Complete 
|  66|0x0000000712c00000, 0x0000000712e00000, 0x0000000712e00000|100%| E|CS|TAMS 0x0000000712c00000| PB 0x0000000712c00000| Complete 
| 122|0x0000000719c00000, 0x0000000719e00000, 0x0000000719e00000|100%| E|CS|TAMS 0x0000000719c00000| PB 0x0000000719c00000| Complete 

Card table byte_map: [0x0000012fbe780000,0x0000012fbef30000] _byte_map_base: 0x0000012fbaf2c000

Marking Bits: (CMBitMap*) 0x0000012fb22f30f0
 Bits: [0x0000012fbef30000, 0x0000012fc2c90000)

Polling page: 0x0000012faff10000

Metaspace:

Usage:
  Non-class:     59.22 MB used.
      Class:      9.53 MB used.
       Both:     68.75 MB used.

Virtual space:
  Non-class space:       64.00 MB reserved,      59.62 MB ( 93%) committed,  1 nodes.
      Class space:        1.00 GB reserved,       9.88 MB ( <1%) committed,  1 nodes.
             Both:        1.06 GB reserved,      69.50 MB (  6%) committed. 

Chunk freelists:
   Non-Class:  4.34 MB
       Class:  6.05 MB
        Both:  10.39 MB

MaxMetaspaceSize: unlimited
CompressedClassSpaceSize: 1.00 GB
Initial GC threshold: 21.00 MB
Current GC threshold: 114.50 MB
CDS: on
 - commit_granule_bytes: 65536.
 - commit_granule_words: 8192.
 - virtual_space_node_default_size: 8388608.
 - enlarge_chunks_in_place: 1.
 - use_allocation_guard: 0.


Internal statistics:

num_allocs_failed_limit: 6.
num_arena_births: 1096.
num_arena_deaths: 0.
num_vsnodes_births: 2.
num_vsnodes_deaths: 0.
num_space_committed: 1112.
num_space_uncommitted: 0.
num_chunks_returned_to_freelist: 6.
num_chunks_taken_from_freelist: 3635.
num_chunk_merges: 6.
num_chunk_splits: 2658.
num_chunks_enlarged: 2073.
num_inconsistent_stats: 0.

CodeCache: size=49152Kb used=10247Kb max_used=14717Kb free=38904Kb
 bounds [0x0000012fba950000, 0x0000012fbb7b0000, 0x0000012fbd950000]
 total_blobs=6107 nmethods=5377 adapters=653
 compilation: enabled
              stopped_count=0, restarted_count=0
 full_count=0

Compilation events (20 events):
Event: 28.196 Thread 0x000001300b014ab0 5971   !   1       org.springframework.util.ConcurrentReferenceHashMap$Segment::doTask (179 bytes)
Event: 28.197 Thread 0x000001300b014ab0 nmethod 5971 0x0000012fbade3290 code [0x0000012fbade3580, 0x0000012fbade3db8]
Event: 28.197 Thread 0x000001300b014ab0 5972   !   1       jdk.proxy1.$Proxy4::annotationType (29 bytes)
Event: 28.197 Thread 0x000001300b014ab0 nmethod 5972 0x0000012fbae30a10 code [0x0000012fbae30be0, 0x0000012fbae30e10]
Event: 28.198 Thread 0x000001300b014ab0 5973       1       org.springframework.core.annotation.AttributeMethods::isAttributeMethod (23 bytes)
Event: 28.199 Thread 0x000001300b014ab0 nmethod 5973 0x0000012fbaa8f690 code [0x0000012fbaa8f820, 0x0000012fbaa8f910]
Event: 28.201 Thread 0x000001300b014ab0 5974       1       kotlin.collections.CollectionsKt__CollectionsKt::emptyList (7 bytes)
Event: 28.202 Thread 0x000001300b014ab0 nmethod 5974 0x0000012fbac48390 code [0x0000012fbac48520, 0x0000012fbac485d0]
Event: 28.202 Thread 0x000001300b014ab0 5975       1       kotlin.reflect.jvm.internal.impl.serialization.deserialization.descriptors.DeserializedClassDescriptor::getContainingDeclaration (5 bytes)
Event: 28.202 Thread 0x000001300b014ab0 nmethod 5975 0x0000012fbac4f910 code [0x0000012fbac4faa0, 0x0000012fbac4fb70]
Event: 28.202 Thread 0x000001300b014ab0 5976       1       kotlin.reflect.jvm.internal.impl.utils.WrappedValues::unescapeThrowable (44 bytes)
Event: 28.202 Thread 0x000001300b014ab0 nmethod 5976 0x0000012fbac84490 code [0x0000012fbac84660, 0x0000012fbac848e0]
Event: 28.202 Thread 0x000001300b014ab0 5977       1       kotlin.reflect.jvm.internal.impl.storage.LockBasedStorageManager$LockBasedNotNullLazyValue::invoke (35 bytes)
Event: 28.202 Thread 0x000001300b014ab0 nmethod 5977 0x0000012fbac47710 code [0x0000012fbac478c0, 0x0000012fbac479e0]
Event: 28.202 Thread 0x000001300b014ab0 5979       1       kotlin.reflect.jvm.internal.impl.storage.DefaultSimpleLock::lock (10 bytes)
Event: 28.202 Thread 0x000001300b014ab0 nmethod 5979 0x0000012fbac49690 code [0x0000012fbac49840, 0x0000012fbac49938]
Event: 28.202 Thread 0x000001300b014ab0 5980       1       kotlin.reflect.jvm.internal.impl.storage.DefaultSimpleLock::unlock (10 bytes)
Event: 28.202 Thread 0x000001300b014ab0 nmethod 5980 0x0000012fbac5d390 code [0x0000012fbac5d540, 0x0000012fbac5d638]
Event: 28.202 Thread 0x000001300b014ab0 5978       1       kotlin.reflect.jvm.internal.impl.metadata.ProtoBuf$Visibility::getNumber (5 bytes)
Event: 28.202 Thread 0x000001300b014ab0 nmethod 5978 0x0000012fbac50d90 code [0x0000012fbac50f20, 0x0000012fbac50fe8]

GC Heap History (20 events):
Event: 1.427 GC heap before
{Heap before GC invocations=6 (full 0):
 garbage-first heap   total 151552K, used 26251K [0x000000070a800000, 0x0000000800000000)
  region size 2048K, 9 young (18432K), 2 survivors (4096K)
 Metaspace       used 25954K, committed 26368K, reserved 1114112K
  class space    used 3287K, committed 3456K, reserved 1048576K
}
Event: 1.429 GC heap after
{Heap after GC invocations=7 (full 0):
 garbage-first heap   total 151552K, used 17489K [0x000000070a800000, 0x0000000800000000)
  region size 2048K, 3 young (6144K), 3 survivors (6144K)
 Metaspace       used 25954K, committed 26368K, reserved 1114112K
  class space    used 3287K, committed 3456K, reserved 1048576K
}
Event: 1.734 GC heap before
{Heap before GC invocations=8 (full 0):
 garbage-first heap   total 69632K, used 52305K [0x000000070a800000, 0x0000000800000000)
  region size 2048K, 20 young (40960K), 3 survivors (6144K)
 Metaspace       used 29142K, committed 29504K, reserved 1114112K
  class space    used 3749K, committed 3904K, reserved 1048576K
}
Event: 1.736 GC heap after
{Heap after GC invocations=9 (full 0):
 garbage-first heap   total 69632K, used 19334K [0x000000070a800000, 0x0000000800000000)
  region size 2048K, 3 young (6144K), 3 survivors (6144K)
 Metaspace       used 29142K, committed 29504K, reserved 1114112K
  class space    used 3749K, committed 3904K, reserved 1048576K
}
Event: 2.145 GC heap before
{Heap before GC invocations=9 (full 0):
 garbage-first heap   total 69632K, used 52102K [0x000000070a800000, 0x0000000800000000)
  region size 2048K, 20 young (40960K), 3 survivors (6144K)
 Metaspace       used 33500K, committed 34112K, reserved 1114112K
  class space    used 4400K, committed 4672K, reserved 1048576K
}
Event: 2.148 GC heap after
{Heap after GC invocations=10 (full 0):
 garbage-first heap   total 69632K, used 22025K [0x000000070a800000, 0x0000000800000000)
  region size 2048K, 3 young (6144K), 3 survivors (6144K)
 Metaspace       used 33500K, committed 34112K, reserved 1114112K
  class space    used 4400K, committed 4672K, reserved 1048576K
}
Event: 2.470 GC heap before
{Heap before GC invocations=10 (full 0):
 garbage-first heap   total 69632K, used 54793K [0x000000070a800000, 0x0000000800000000)
  region size 2048K, 19 young (38912K), 3 survivors (6144K)
 Metaspace       used 37616K, committed 38208K, reserved 1114112K
  class space    used 4950K, committed 5184K, reserved 1048576K
}
Event: 2.473 GC heap after
{Heap after GC invocations=11 (full 0):
 garbage-first heap   total 69632K, used 24398K [0x000000070a800000, 0x0000000800000000)
  region size 2048K, 3 young (6144K), 3 survivors (6144K)
 Metaspace       used 37616K, committed 38208K, reserved 1114112K
  class space    used 4950K, committed 5184K, reserved 1048576K
}
Event: 2.846 GC heap before
{Heap before GC invocations=11 (full 0):
 garbage-first heap   total 69632K, used 53070K [0x000000070a800000, 0x0000000800000000)
  region size 2048K, 18 young (36864K), 3 survivors (6144K)
 Metaspace       used 43450K, committed 44096K, reserved 1114112K
  class space    used 5892K, committed 6208K, reserved 1048576K
}
Event: 2.849 GC heap after
{Heap after GC invocations=12 (full 0):
 garbage-first heap   total 69632K, used 25903K [0x000000070a800000, 0x0000000800000000)
  region size 2048K, 2 young (4096K), 2 survivors (4096K)
 Metaspace       used 43450K, committed 44096K, reserved 1114112K
  class space    used 5892K, committed 6208K, reserved 1048576K
}
Event: 4.277 GC heap before
{Heap before GC invocations=13 (full 0):
 garbage-first heap   total 69632K, used 58671K [0x000000070a800000, 0x0000000800000000)
  region size 2048K, 18 young (36864K), 2 survivors (4096K)
 Metaspace       used 50657K, committed 51328K, reserved 1114112K
  class space    used 6857K, committed 7168K, reserved 1048576K
}
Event: 4.279 GC heap after
{Heap after GC invocations=14 (full 0):
 garbage-first heap   total 69632K, used 27163K [0x000000070a800000, 0x0000000800000000)
  region size 2048K, 2 young (4096K), 2 survivors (4096K)
 Metaspace       used 50657K, committed 51328K, reserved 1114112K
  class space    used 6857K, committed 7168K, reserved 1048576K
}
Event: 4.655 GC heap before
{Heap before GC invocations=14 (full 0):
 garbage-first heap   total 69632K, used 55835K [0x000000070a800000, 0x0000000800000000)
  region size 2048K, 17 young (34816K), 2 survivors (4096K)
 Metaspace       used 58017K, committed 58688K, reserved 1114112K
  class space    used 8024K, committed 8320K, reserved 1048576K
}
Event: 4.657 GC heap after
{Heap after GC invocations=15 (full 0):
 garbage-first heap   total 69632K, used 28454K [0x000000070a800000, 0x0000000800000000)
  region size 2048K, 3 young (6144K), 3 survivors (6144K)
 Metaspace       used 58017K, committed 58688K, reserved 1114112K
  class space    used 8024K, committed 8320K, reserved 1048576K
}
Event: 4.957 GC heap before
{Heap before GC invocations=15 (full 0):
 garbage-first heap   total 69632K, used 55078K [0x000000070a800000, 0x0000000800000000)
  region size 2048K, 16 young (32768K), 3 survivors (6144K)
 Metaspace       used 62037K, committed 62720K, reserved 1114112K
  class space    used 8568K, committed 8896K, reserved 1048576K
}
Event: 4.960 GC heap after
{Heap after GC invocations=16 (full 0):
 garbage-first heap   total 69632K, used 31047K [0x000000070a800000, 0x0000000800000000)
  region size 2048K, 2 young (4096K), 2 survivors (4096K)
 Metaspace       used 62037K, committed 62720K, reserved 1114112K
  class space    used 8568K, committed 8896K, reserved 1048576K
}
Event: 5.259 GC heap before
{Heap before GC invocations=16 (full 0):
 garbage-first heap   total 69632K, used 57671K [0x000000070a800000, 0x0000000800000000)
  region size 2048K, 15 young (30720K), 2 survivors (4096K)
 Metaspace       used 65397K, committed 66112K, reserved 1114112K
  class space    used 9049K, committed 9344K, reserved 1048576K
}
Event: 5.262 GC heap after
{Heap after GC invocations=17 (full 0):
 garbage-first heap   total 69632K, used 33508K [0x000000070a800000, 0x0000000800000000)
  region size 2048K, 2 young (4096K), 2 survivors (4096K)
 Metaspace       used 65397K, committed 66112K, reserved 1114112K
  class space    used 9049K, committed 9344K, reserved 1048576K
}
Event: 25.784 GC heap before
{Heap before GC invocations=17 (full 0):
 garbage-first heap   total 69632K, used 56036K [0x000000070a800000, 0x0000000800000000)
  region size 2048K, 13 young (26624K), 2 survivors (4096K)
 Metaspace       used 69575K, committed 70336K, reserved 1114112K
  class space    used 9590K, committed 9920K, reserved 1048576K
}
Event: 25.787 GC heap after
{Heap after GC invocations=18 (full 0):
 garbage-first heap   total 69632K, used 35279K [0x000000070a800000, 0x0000000800000000)
  region size 2048K, 1 young (2048K), 1 survivors (2048K)
 Metaspace       used 69575K, committed 70336K, reserved 1114112K
  class space    used 9590K, committed 9920K, reserved 1048576K
}

Dll operation events (13 events):
Event: 0.007 Loaded shared library C:\Users\mahes\.jdks\corretto-21.0.6\bin\java.dll
Event: 0.121 Loaded shared library C:\Users\mahes\.jdks\corretto-21.0.6\bin\zip.dll
Event: 0.123 Loaded shared library C:\Users\mahes\.jdks\corretto-21.0.6\bin\instrument.dll
Event: 0.128 Loaded shared library C:\Users\mahes\.jdks\corretto-21.0.6\bin\net.dll
Event: 0.130 Loaded shared library C:\Users\mahes\.jdks\corretto-21.0.6\bin\nio.dll
Event: 0.132 Loaded shared library C:\Users\mahes\.jdks\corretto-21.0.6\bin\zip.dll
Event: 0.189 Loaded shared library C:\Users\mahes\.jdks\corretto-21.0.6\bin\jimage.dll
Event: 0.229 Loaded shared library C:\Users\mahes\.jdks\corretto-21.0.6\bin\extnet.dll
Event: 0.250 Loaded shared library C:\Users\mahes\.jdks\corretto-21.0.6\bin\management.dll
Event: 0.258 Loaded shared library C:\Users\mahes\.jdks\corretto-21.0.6\bin\management_ext.dll
Event: 1.498 Loaded shared library C:\Users\mahes\.jdks\corretto-21.0.6\bin\sunmscapi.dll
Event: 1.794 Loaded shared library C:\Users\mahes\.jdks\corretto-21.0.6\bin\verify.dll
Event: 28.208 Loaded shared library D:\softwareDevFolder\ideaProjects\majorapplication\rustSpringdll\zkp_proximity.dll

Deoptimization events (2 events):
Event: 1.501 Thread 0x000001300c1d4e20 DEOPT PACKING pc=0x0000012fbb2fd98c sp=0x000000178fbfd950
Event: 1.501 Thread 0x000001300c1d4e20 DEOPT UNPACKING pc=0x0000012fba9a4e42 sp=0x000000178fbfcde8 mode 0

Classes loaded (20 events):
Event: 28.125 Loading class java/util/concurrent/Semaphore
Event: 28.125 Loading class java/util/concurrent/Semaphore done
Event: 28.125 Loading class java/util/concurrent/Semaphore$NonfairSync
Event: 28.125 Loading class java/util/concurrent/Semaphore$Sync
Event: 28.125 Loading class java/util/concurrent/Semaphore$Sync done
Event: 28.125 Loading class java/util/concurrent/Semaphore$NonfairSync done
Event: 28.125 Loading class sun/nio/ch/SocketAdaptor
Event: 28.126 Loading class sun/nio/ch/SocketAdaptor done
Event: 28.126 Loading class sun/nio/ch/SocketChannelImpl$DefaultOptionsHolder
Event: 28.126 Loading class sun/nio/ch/SocketChannelImpl$DefaultOptionsHolder done
Event: 28.150 Loading class sun/nio/cs/ThreadLocalCoders
Event: 28.151 Loading class sun/nio/cs/ThreadLocalCoders done
Event: 28.151 Loading class sun/nio/cs/ThreadLocalCoders$1
Event: 28.151 Loading class sun/nio/cs/ThreadLocalCoders$Cache
Event: 28.151 Loading class sun/nio/cs/ThreadLocalCoders$Cache done
Event: 28.151 Loading class sun/nio/cs/ThreadLocalCoders$1 done
Event: 28.151 Loading class sun/nio/cs/ThreadLocalCoders$2
Event: 28.151 Loading class sun/nio/cs/ThreadLocalCoders$2 done
Event: 28.208 Loading class jdk/internal/loader/NativeLibraries$Unloader
Event: 28.208 Loading class jdk/internal/loader/NativeLibraries$Unloader done

Classes unloaded (0 events):
No events

Classes redefined (0 events):
No events

Internal exceptions (20 events):
Event: 4.565 Thread 0x000001300c1d4e20 Exception <a 'java/lang/IncompatibleClassChangeError'{0x000000070d7cc3a0}: Found class java.lang.Object, but interface was expected> (0x000000070d7cc3a0) 
thrown [s\src\hotspot\share\interpreter\linkResolver.cpp, line 840]
Event: 4.573 Thread 0x000001300c1d4e20 Exception <a 'java/lang/NoSuchMethodError'{0x000000070d4572e8}: 'java.lang.Object java.lang.invoke.DirectMethodHandle$Holder.newInvokeSpecial(java.lang.Object, java.lang.Object, java.lang.Object, java.lang.Object, java.lang.Object, java.lang.Object, java.lang.Object, int)'> (0x000000070d4572e8) 
thrown [s\src\hotspot\share\interpreter\linkResolver.cpp, line 773]
Event: 4.573 Thread 0x000001300c1d4e20 Exception <a 'java/lang/NoSuchMethodError'{0x000000070d45b938}: 'java.lang.Object java.lang.invoke.DirectMethodHandle$Holder.invokeSpecial(java.lang.Object, java.lang.Object, java.lang.Object, java.lang.Object, java.lang.Object, java.lang.Object, java.lang.Object, java.lang.Object, int)'> (0x000000070d45b938) 
thrown [s\src\hotspot\share\interpreter\linkResolver.cpp, line 773]
Event: 4.573 Thread 0x000001300c1d4e20 Exception <a 'java/lang/NoSuchMethodError'{0x000000070d45f970}: 'java.lang.Object java.lang.invoke.Invokers$Holder.linkToTargetMethod(java.lang.Object, java.lang.Object, java.lang.Object, java.lang.Object, java.lang.Object, java.lang.Object, int, java.lang.Object)'> (0x000000070d45f970) 
thrown [s\src\hotspot\share\interpreter\linkResolver.cpp, line 773]
Event: 4.614 Thread 0x000001300c1d4e20 Exception <a 'java/lang/NoSuchMethodError'{0x000000070d3adc88}: 'void java.lang.invoke.Invokers$Holder.invokeExact_MT(java.lang.Object, java.lang.Object, java.lang.Object, java.lang.Object)'> (0x000000070d3adc88) 
thrown [s\src\hotspot\share\interpreter\linkResolver.cpp, line 773]
Event: 4.663 Thread 0x000001300c1d4e20 Exception <a 'java/lang/IncompatibleClassChangeError'{0x0000000719ce6770}: Found class java.lang.Object, but interface was expected> (0x0000000719ce6770) 
thrown [s\src\hotspot\share\interpreter\linkResolver.cpp, line 840]
Event: 4.689 Thread 0x000001300c1d4e20 Exception <a 'java/lang/IncompatibleClassChangeError'{0x0000000712cea1d0}: Found class java.lang.Object, but interface was expected> (0x0000000712cea1d0) 
thrown [s\src\hotspot\share\interpreter\linkResolver.cpp, line 840]
Event: 4.828 Thread 0x000001300c1d4e20 Exception <a 'java/lang/IncompatibleClassChangeError'{0x000000070dd68b38}: Found class java.lang.Object, but interface was expected> (0x000000070dd68b38) 
thrown [s\src\hotspot\share\interpreter\linkResolver.cpp, line 840]
Event: 4.878 Thread 0x000001300c1d4e20 Exception <a 'java/lang/NoSuchMethodError'{0x000000070d97e6f0}: 'java.lang.Object java.lang.invoke.DirectMethodHandle$Holder.newInvokeSpecial(java.lang.Object, java.lang.Object, java.lang.Object, java.lang.Object, java.lang.Object, java.lang.Object, java.lang.Object, java.lang.Object)'> (0x000000070d97e6f0) 
thrown [s\src\hotspot\share\interpreter\linkResolver.cpp, line 773]
Event: 5.001 Thread 0x000001300c1d4e20 Exception <a 'java/lang/IncompatibleClassChangeError'{0x0000000712a79708}: Found class java.lang.Object, but interface was expected> (0x0000000712a79708) 
thrown [s\src\hotspot\share\interpreter\linkResolver.cpp, line 840]
Event: 5.026 Thread 0x000001300c1d4e20 Exception <a 'java/lang/NoSuchMethodError'{0x0000000712859468}: 'void java.lang.invoke.DirectMethodHandle$Holder.invokeVirtual(java.lang.Object, java.lang.Object, long)'> (0x0000000712859468) 
thrown [s\src\hotspot\share\interpreter\linkResolver.cpp, line 773]
Event: 5.173 Thread 0x000001300c1d4e20 Exception <a 'java/lang/IncompatibleClassChangeError'{0x000000070d834b50}: Found class java.lang.Object, but interface was expected> (0x000000070d834b50) 
thrown [s\src\hotspot\share\interpreter\linkResolver.cpp, line 840]
Event: 5.225 Thread 0x000001300c1d4e20 Exception <a 'java/lang/NoSuchMethodError'{0x000000070d525db8}: 'java.lang.Object java.lang.invoke.Invokers$Holder.invoke_MT(java.lang.Object, java.lang.Object, java.lang.Object, java.lang.Object, java.lang.Object, java.lang.Object, java.lang.Object, java.lang.Object, java.lang.Object, java.lang.Object, java.lang.Object)'> (0x000000070d525db8) 
thrown [s\src\hotspot\share\interpreter\linkResolver.cpp, line 773]
Event: 5.291 Thread 0x000001300c1d4e20 Exception <a 'java/lang/NoSuchMethodError'{0x0000000719dc7db8}: 'java.lang.Object java.lang.invoke.DirectMethodHandle$Holder.newInvokeSpecial(java.lang.Object, java.lang.Object, int, java.lang.Object, java.lang.Object)'> (0x0000000719dc7db8) 
thrown [s\src\hotspot\share\interpreter\linkResolver.cpp, line 773]
Event: 5.370 Thread 0x000001300c1d4e20 Exception <a 'java/lang/UnsatisfiedLinkError'{0x00000007128fb808}: 'int io.grpc.netty.shaded.io.netty.channel.epoll.Native.offsetofEpollData()'> (0x00000007128fb808) 
thrown [s\src\hotspot\share\prims\nativeLookup.cpp, line 415]
Event: 5.371 Thread 0x000001300c1d4e20 Exception <a 'java/lang/ExceptionInInitializerError'{0x00000007128fd350}> (0x00000007128fd350) 
thrown [s\src\hotspot\share\oops\instanceKlass.cpp, line 1225]
Event: 5.371 Thread 0x000001300c1d4e20 Exception <a 'java/lang/NoSuchMethodError'{0x00000007128fdf00}: 'int java.lang.invoke.DelegatingMethodHandle$Holder.reinvoke_L(java.lang.Object)'> (0x00000007128fdf00) 
thrown [s\src\hotspot\share\interpreter\linkResolver.cpp, line 773]
Event: 5.841 Thread 0x000001300b7e0a10 Exception <a 'java/lang/NoSuchMethodError'{0x000000070d8e4e10}: 'java.lang.Object java.lang.invoke.DirectMethodHandle$Holder.invokeInterface(java.lang.Object, java.lang.Object, java.lang.Object, java.lang.Object, java.lang.Object, java.lang.Object, java.lang.Object)'> (0x000000070d8e4e10) 
thrown [s\src\hotspot\share\interpreter\linkResolver.cpp, line 773]
Event: 28.148 Thread 0x000001300dc073f0 Exception <a 'java/lang/NoSuchMethodError'{0x0000000712c0c7e0}: 'java.lang.Object java.lang.invoke.DirectMethodHandle$Holder.invokeSpecial(java.lang.Object, java.lang.Object, java.lang.Object, java.lang.Object, java.lang.Object, long)'> (0x0000000712c0c7e0) 
thrown [s\src\hotspot\share\interpreter\linkResolver.cpp, line 773]
Event: 28.148 Thread 0x000001300dc073f0 Exception <a 'java/lang/NoSuchMethodError'{0x0000000712c0ffd8}: 'java.lang.Object java.lang.invoke.Invokers$Holder.linkToTargetMethod(java.lang.Object, java.lang.Object, java.lang.Object, long, java.lang.Object)'> (0x0000000712c0ffd8) 
thrown [s\src\hotspot\share\interpreter\linkResolver.cpp, line 773]

ZGC Phase Switch (0 events):
No events

VM Operations (20 events):
Event: 19.597 Executing VM operation: Cleanup
Event: 19.597 Executing VM operation: Cleanup done
Event: 20.604 Executing VM operation: Cleanup
Event: 20.604 Executing VM operation: Cleanup done
Event: 23.639 Executing VM operation: Cleanup
Event: 23.639 Executing VM operation: Cleanup done
Event: 24.640 Executing VM operation: Cleanup
Event: 24.640 Executing VM operation: Cleanup done
Event: 25.784 Executing VM operation: G1CollectForAllocation (G1 Evacuation Pause)
Event: 25.787 Executing VM operation: G1CollectForAllocation (G1 Evacuation Pause) done
Event: 25.798 Executing VM operation: G1PauseRemark
Event: 25.800 Executing VM operation: G1PauseRemark done
Event: 25.806 Executing VM operation: G1PauseCleanup
Event: 25.806 Executing VM operation: G1PauseCleanup done
Event: 28.126 Executing VM operation: HandshakeAllThreads (Deoptimize)
Event: 28.126 Executing VM operation: HandshakeAllThreads (Deoptimize) done
Event: 28.161 Executing VM operation: HandshakeAllThreads (Deoptimize)
Event: 28.161 Executing VM operation: HandshakeAllThreads (Deoptimize) done
Event: 28.161 Executing VM operation: Cleanup
Event: 28.161 Executing VM operation: Cleanup done

Memory protections (0 events):
No events

Nmethod flushes (20 events):
Event: 25.799 Thread 0x0000012fc515d5b0 flushing  nmethod 0x0000012fbaf40f90
Event: 25.799 Thread 0x0000012fc515d5b0 flushing  nmethod 0x0000012fbaf6ce90
Event: 25.799 Thread 0x0000012fc515d5b0 flushing  nmethod 0x0000012fbaf70190
Event: 25.799 Thread 0x0000012fc515d5b0 flushing  nmethod 0x0000012fbaf70890
Event: 25.799 Thread 0x0000012fc515d5b0 flushing  nmethod 0x0000012fbafb6b90
Event: 25.799 Thread 0x0000012fc515d5b0 flushing  nmethod 0x0000012fbafb6f90
Event: 25.799 Thread 0x0000012fc515d5b0 flushing  nmethod 0x0000012fbb00a010
Event: 25.799 Thread 0x0000012fc515d5b0 flushing  nmethod 0x0000012fbb00a490
Event: 25.799 Thread 0x0000012fc515d5b0 flushing  nmethod 0x0000012fbb00ad10
Event: 25.799 Thread 0x0000012fc515d5b0 flushing  nmethod 0x0000012fbb00b310
Event: 25.799 Thread 0x0000012fc515d5b0 flushing  nmethod 0x0000012fbb00b790
Event: 25.799 Thread 0x0000012fc515d5b0 flushing  nmethod 0x0000012fbb00bc10
Event: 25.799 Thread 0x0000012fc515d5b0 flushing  nmethod 0x0000012fbb00bf10
Event: 25.800 Thread 0x0000012fc515d5b0 flushing  nmethod 0x0000012fbb00c610
Event: 25.800 Thread 0x0000012fc515d5b0 flushing  nmethod 0x0000012fbb00cc10
Event: 25.800 Thread 0x0000012fc515d5b0 flushing  nmethod 0x0000012fbb029b90
Event: 25.800 Thread 0x0000012fc515d5b0 flushing  nmethod 0x0000012fbb02b010
Event: 25.800 Thread 0x0000012fc515d5b0 flushing  nmethod 0x0000012fbb02cb10
Event: 25.800 Thread 0x0000012fc515d5b0 flushing  nmethod 0x0000012fbb04da90
Event: 25.800 Thread 0x0000012fc515d5b0 flushing  nmethod 0x0000012fbb64e690

Events (20 events):
Event: 5.519 Thread 0x000001300c1d4e20 Thread exited: 0x000001300c1d4e20
Event: 5.521 Thread 0x000001300c1d3660 Thread exited: 0x000001300c1d3660
Event: 5.521 Thread 0x0000012faff7ee70 Thread exited: 0x0000012faff7ee70
Event: 5.521 Thread 0x000001300dc0a870 Thread added: 0x000001300dc0a870
Event: 5.832 Thread 0x000001300ba53db0 Thread added: 0x000001300b7e1730
Event: 5.835 Thread 0x000001300b7e1730 Thread exited: 0x000001300b7e1730
Event: 5.838 Thread 0x000001300b9515f0 Thread added: 0x000001300b7e0a10
Event: 5.838 Thread 0x000001300b7e0a10 Thread added: 0x000001300b7e1dc0
Event: 5.843 Thread 0x000001300b7e1dc0 Thread exited: 0x000001300b7e1dc0
Event: 5.844 Thread 0x000001300b7e0a10 Thread added: 0x000001300b7e1dc0
Event: 5.848 Thread 0x000001300b7e1dc0 Thread exited: 0x000001300b7e1dc0
Event: 6.909 Thread 0x000001300c8b0b50 Thread exited: 0x000001300c8b0b50
Event: 6.911 Thread 0x000001300c8b04b0 Thread exited: 0x000001300c8b04b0
Event: 7.925 Thread 0x000001300c8a3b70 Thread exited: 0x000001300c8a3b70
Event: 10.038 Thread 0x000001300b3fa460 Thread exited: 0x000001300b3fa460
Event: 11.042 Thread 0x000001300b10c790 Thread exited: 0x000001300b10c790
Event: 13.100 Thread 0x000001300b1040e0 Thread exited: 0x000001300b1040e0
Event: 13.101 Thread 0x000001300b0fce00 Thread exited: 0x000001300b0fce00
Event: 19.276 Thread 0x000001300b014ab0 Thread added: 0x000001300b0fce00
Event: 24.426 Thread 0x000001300b0fce00 Thread exited: 0x000001300b0fce00


Dynamic libraries:
0x00007ff67c3b0000 - 0x00007ff67c3be000 	C:\Users\mahes\.jdks\corretto-21.0.6\bin\java.exe
0x00007ff88bf20000 - 0x00007ff88c183000 	C:\WINDOWS\SYSTEM32\ntdll.dll
0x00007ff88b4f0000 - 0x00007ff88b5b7000 	C:\WINDOWS\System32\KERNEL32.DLL
0x00007ff889410000 - 0x00007ff8897d9000 	C:\WINDOWS\System32\KERNELBASE.dll
0x00007ff889200000 - 0x00007ff88934c000 	C:\WINDOWS\System32\ucrtbase.dll
0x00007ff867440000 - 0x00007ff86745b000 	C:\Users\mahes\.jdks\corretto-21.0.6\bin\VCRUNTIME140.dll
0x00007ff86ae10000 - 0x00007ff86ae28000 	C:\Users\mahes\.jdks\corretto-21.0.6\bin\jli.dll
0x00007ff889d40000 - 0x00007ff889f0a000 	C:\WINDOWS\System32\USER32.dll
0x00007ff86c040000 - 0x00007ff86c2d0000 	C:\WINDOWS\WinSxS\amd64_microsoft.windows.common-controls_6595b64144ccf1df_6.0.26100.3323_none_3e088096e3344490\COMCTL32.dll
0x00007ff8891d0000 - 0x00007ff8891f7000 	C:\WINDOWS\System32\win32u.dll
0x00007ff88b8e0000 - 0x00007ff88b989000 	C:\WINDOWS\System32\msvcrt.dll
0x00007ff88b830000 - 0x00007ff88b85a000 	C:\WINDOWS\System32\GDI32.dll
0x00007ff889960000 - 0x00007ff889a91000 	C:\WINDOWS\System32\gdi32full.dll
0x00007ff889120000 - 0x00007ff8891c3000 	C:\WINDOWS\System32\msvcp_win.dll
0x00007ff88bd80000 - 0x00007ff88bdaf000 	C:\WINDOWS\System32\IMM32.DLL
0x00007ff86ab70000 - 0x00007ff86ab7c000 	C:\Users\mahes\.jdks\corretto-21.0.6\bin\vcruntime140_1.dll
0x00007ff847d20000 - 0x00007ff847dad000 	C:\Users\mahes\.jdks\corretto-21.0.6\bin\msvcp140.dll
0x00007fffe5730000 - 0x00007fffe64cf000 	C:\Users\mahes\.jdks\corretto-21.0.6\bin\server\jvm.dll
0x00007ff88bbc0000 - 0x00007ff88bc72000 	C:\WINDOWS\System32\ADVAPI32.dll
0x00007ff88b770000 - 0x00007ff88b816000 	C:\WINDOWS\System32\sechost.dll
0x00007ff88bdc0000 - 0x00007ff88bed6000 	C:\WINDOWS\System32\RPCRT4.dll
0x00007ff88b990000 - 0x00007ff88ba04000 	C:\WINDOWS\System32\WS2_32.dll
0x00007ff888fb0000 - 0x00007ff888ffe000 	C:\WINDOWS\SYSTEM32\POWRPROF.dll
0x00007ff881550000 - 0x00007ff88155b000 	C:\WINDOWS\SYSTEM32\VERSION.dll
0x00007ff87f680000 - 0x00007ff87f6b6000 	C:\WINDOWS\SYSTEM32\WINMM.dll
0x00007ff888f90000 - 0x00007ff888fa4000 	C:\WINDOWS\SYSTEM32\UMPDC.dll
0x00007ff887f40000 - 0x00007ff887f5a000 	C:\WINDOWS\SYSTEM32\kernel.appcore.dll
0x00007ff865440000 - 0x00007ff86544a000 	C:\Users\mahes\.jdks\corretto-21.0.6\bin\jimage.dll
0x00007ff87b190000 - 0x00007ff87b3d1000 	C:\WINDOWS\SYSTEM32\DBGHELP.DLL
0x00007ff88afd0000 - 0x00007ff88b352000 	C:\WINDOWS\System32\combase.dll
0x00007ff88aea0000 - 0x00007ff88af76000 	C:\WINDOWS\System32\OLEAUT32.dll
0x00007ff828cc0000 - 0x00007ff828cf9000 	C:\WINDOWS\SYSTEM32\dbgcore.DLL
0x00007ff889ca0000 - 0x00007ff889d39000 	C:\WINDOWS\System32\bcryptPrimitives.dll
0x00007ff864f00000 - 0x00007ff864f0e000 	C:\Users\mahes\.jdks\corretto-21.0.6\bin\instrument.dll
0x00007ff860330000 - 0x00007ff86034f000 	C:\Users\mahes\.jdks\corretto-21.0.6\bin\java.dll
0x00007ff88a0f0000 - 0x00007ff88a805000 	C:\WINDOWS\System32\SHELL32.dll
0x00007ff889b30000 - 0x00007ff889c98000 	C:\WINDOWS\System32\wintypes.dll
0x00007ff886de0000 - 0x00007ff887625000 	C:\WINDOWS\SYSTEM32\windows.storage.dll
0x00007ff88b360000 - 0x00007ff88b44b000 	C:\WINDOWS\System32\SHCORE.dll
0x00007ff88aca0000 - 0x00007ff88acfd000 	C:\WINDOWS\System32\shlwapi.dll
0x00007ff889030000 - 0x00007ff88905f000 	C:\WINDOWS\SYSTEM32\profapi.dll
0x00007ff85f630000 - 0x00007ff85f648000 	C:\Users\mahes\.jdks\corretto-21.0.6\bin\zip.dll
0x00007ff864b90000 - 0x00007ff864ba0000 	C:\Users\mahes\.jdks\corretto-21.0.6\bin\net.dll
0x00007ff8817c0000 - 0x00007ff8818de000 	C:\WINDOWS\SYSTEM32\WINHTTP.dll
0x00007ff888460000 - 0x00007ff8884ca000 	C:\WINDOWS\system32\mswsock.dll
0x00007ff85eef0000 - 0x00007ff85ef06000 	C:\Users\mahes\.jdks\corretto-21.0.6\bin\nio.dll
0x00007ff85eab0000 - 0x00007ff85eab9000 	C:\Users\mahes\.jdks\corretto-21.0.6\bin\extnet.dll
0x00007ff887a30000 - 0x00007ff887b55000 	C:\WINDOWS\SYSTEM32\DNSAPI.dll
0x00007ff8879f0000 - 0x00007ff887a23000 	C:\WINDOWS\SYSTEM32\IPHLPAPI.DLL
0x00007ff88b820000 - 0x00007ff88b82a000 	C:\WINDOWS\System32\NSI.dll
0x00007ff881940000 - 0x00007ff88194b000 	C:\Windows\System32\rasadhlp.dll
0x00007ff882e10000 - 0x00007ff882e95000 	C:\WINDOWS\System32\fwpuclnt.dll
0x00007ff85fed0000 - 0x00007ff85fed9000 	C:\Users\mahes\.jdks\corretto-21.0.6\bin\management.dll
0x00007ff85eff0000 - 0x00007ff85effb000 	C:\Users\mahes\.jdks\corretto-21.0.6\bin\management_ext.dll
0x00007ff88b460000 - 0x00007ff88b468000 	C:\WINDOWS\System32\PSAPI.DLL
0x00007ff888700000 - 0x00007ff88871c000 	C:\WINDOWS\SYSTEM32\CRYPTSP.dll
0x00007ff887ea0000 - 0x00007ff887eda000 	C:\WINDOWS\system32\rsaenh.dll
0x00007ff888500000 - 0x00007ff88852b000 	C:\WINDOWS\SYSTEM32\USERENV.dll
0x00007ff888940000 - 0x00007ff888966000 	C:\WINDOWS\SYSTEM32\bcrypt.dll
0x00007ff888720000 - 0x00007ff88872c000 	C:\WINDOWS\SYSTEM32\CRYPTBASE.dll
0x00007ff870050000 - 0x00007ff870068000 	C:\WINDOWS\system32\napinsp.dll
0x00007ff870030000 - 0x00007ff870042000 	C:\WINDOWS\System32\winrnr.dll
0x00007ff860240000 - 0x00007ff860262000 	C:\WINDOWS\system32\nlansp_c.dll
0x00007ff8814f0000 - 0x00007ff881506000 	C:\WINDOWS\system32\wshbth.dll
0x00007ff868850000 - 0x00007ff86889e000 	C:\WINDOWS\SYSTEM32\pdh.dll
0x00007ff884110000 - 0x00007ff884122000 	C:\WINDOWS\System32\perfproc.dll
0x00007ff860270000 - 0x00007ff860281000 	C:\WINDOWS\System32\perfos.dll
0x00007ff887650000 - 0x00007ff887662000 	C:\WINDOWS\SYSTEM32\pfclient.dll
0x00007ff85d930000 - 0x00007ff85d93e000 	C:\Users\mahes\.jdks\corretto-21.0.6\bin\sunmscapi.dll
0x00007ff8897e0000 - 0x00007ff889957000 	C:\WINDOWS\System32\CRYPT32.dll
0x00007ff888900000 - 0x00007ff888930000 	C:\WINDOWS\SYSTEM32\ncrypt.dll
0x00007ff8888b0000 - 0x00007ff8888ef000 	C:\WINDOWS\SYSTEM32\NTASN1.dll
0x00007ff864560000 - 0x00007ff864570000 	C:\Users\mahes\.jdks\corretto-21.0.6\bin\verify.dll
0x00007ff84bf10000 - 0x00007ff84bf18000 	C:\WINDOWS\system32\wshunix.dll
0x00007fffe53c0000 - 0x00007fffe5566000 	D:\softwareDevFolder\ideaProjects\majorapplication\rustSpringdll\zkp_proximity.dll

dbghelp: loaded successfully - version: 4.0.5 - missing functions: none
symbol engine: initialized successfully - sym options: 0x614 - pdb path: .;C:\Users\mahes\.jdks\corretto-21.0.6\bin;C:\WINDOWS\SYSTEM32;C:\WINDOWS\WinSxS\amd64_microsoft.windows.common-controls_6595b64144ccf1df_6.0.26100.3323_none_3e088096e3344490;C:\Users\mahes\.jdks\corretto-21.0.6\bin\server;D:\softwareDevFolder\ideaProjects\majorapplication\rustSpringdll

VM Arguments:
jvm_args: -XX:TieredStopAtLevel=1 -Dspring.output.ansi.enabled=always -Dcom.sun.management.jmxremote -Dspring.jmx.enabled=true -Dspring.liveBeansView.mbeanDomain -Dspring.application.admin.enabled=true -Dmanagement.endpoints.jmx.exposure.include=* -javaagent:D:\Apps\Jetbrains\IntelliJ IDEA Ultimate\lib\idea_rt.jar=56832 -Dfile.encoding=UTF-8 -Dsun.stdout.encoding=UTF-8 -Dsun.stderr.encoding=UTF-8 
java_command: com.example.majorapplication.MajorApplicationKt
java_class_path (initial): D:\softwareDevFolder\ideaProjects\majorapplication\build\classes\java\main;D:\softwareDevFolder\ideaProjects\majorapplication\build\classes\kotlin\main;D:\softwareDevFolder\ideaProjects\majorapplication\build\resources\main;C:\Users\mahes\.gradle\caches\modules-2\files-2.1\org.springframework.boot\spring-boot-configuration-processor\3.4.3\a858f31605a612bf649adfe49c000f530d5c27c\spring-boot-configuration-processor-3.4.3.jar;C:\Users\mahes\.gradle\caches\modules-2\files-2.1\org.projectlombok\lombok\1.18.34\ec547ef414ab1d2c040118fb9c1c265ada63af14\lombok-1.18.34.jar;C:\Users\mahes\.gradle\caches\modules-2\files-2.1\org.springframework.boot\spring-boot-starter-web\3.4.3\87e7a401e7d249fefc7f372f5681e8620234624c\spring-boot-starter-web-3.4.3.jar;C:\Users\mahes\.gradle\caches\modules-2\files-2.1\com.fasterxml.jackson.module\jackson-module-kotlin\2.18.2\64d2a72bacd16a9bb46db5662396dd0b606992d4\jackson-module-kotlin-2.18.2.jar;C:\Users\mahes\.gradle\caches\modules-2\files-2.1\org.jetbrains.kotlin\kotlin-reflect\2.1.10\b6dfc50c112d7cd89b350fef16d810c77acae209\kotlin-reflect-2.1.10.jar;C:\Users\mahes\.gradle\caches\modules-2\files-2.1\io.github.microutils\kotlin-logging-jvm\3.0.4\fb66155bec41f7c2c8b9be53dbb7c191c83b9415\kotlin-logging-jvm-3.0.4.jar;C:\Users\mahes\.gradle\caches\modules-2\files-2.1\org.jetbrains.kotlin\kotlin-stdlib\2.1.10\d3028429e7151d7a7c1a0d63a4f60eac86a87b91\kotlin-stdlib-2.1.10.jar;C:\Users\mahes\.gradle\caches\modules-2\files-2.1\org.springframework.boot\spring-boot-starter-data-jpa\3.4.3\29c90fec6e887dc01df09ea4c3548b5a04b7afb4\spring-boot-starter-data-jpa-3.4.3.jar;C:\Users\mahes\.gradle\caches\modules-2\files-2.1\org.postgresql\postgresql\42.7.5\747897987b86c741fb8b56f6b81929ae1e6e4b46\postgresql-42.7.5.jar;C:\Users\mahes\.gradle\caches\modules-2\files-2.1\net.devh\grpc-spring-boot-starter\2.14.0.RELEASE\78a89480fe72763546fc6cda0cf84481e86a4fde\grpc-spring-boot-starter-2.14.0.RELEASE.jar;C:\Users\mahes\.gradle\caches\modules-2\files-2.1\io.grpc\grpc-protobuf\1.53.0\41f37de10ef5e4a30cbb9ef89405b864b9342f5e\grpc-protobuf-1.53.0.jar;C:\Users\mahes\.gradle\caches\modules-2\files-2.1\com.google.protobuf\protobuf-java\3.21.12\5589e79a33cb6509f7e681d7cf4fc59d47c51c71\protobuf-java-3.21.12.jar;C:\Users\mahes\.gradle\caches\modules-2\files-2.1\io.grpc\grpc-kotlin-stub\1.3.0\4d0102df09897f3dc6144ea9d8a9bd9a8a622503\grpc-kotlin-stub-1.3.0.jar;C:\Users\mahes\.gradle\caches\modules-2\files-2.1\io.grpc\grpc-stub\1.53.0\391663182785fdb6f92486f432e927cff60c6bcf\grpc-stub-1.53.0.jar;C:\Users\mahes\.gradle\caches\modules-2\files-2.1\io.grpc\grpc-netty\1.53.0\dd6088f048629487133ca3549264938d8d7443f\grpc-netty-1.53.0.jar;C:\Users\mahes\.gradle\caches\modules-2\files-2.1\javax.annotation\javax.annotation-api\1.3.2\934c04d3cfef185a8008e7bf34331b79730a9d43\javax.annotation-api-1.3.2.jar;C:\Users\mahes\.gradle\caches\modules-2\files-2.1\org.springframework.boot\spring-boot-starter-json\3.4.3\7a4d63165404da67ed3802678994c21a0763723\spring-boot-starter-json-3.4.3.jar;C:\Users\mahes\.gradle\caches\modules-2\files-2.1\org.springframework.boot\spring-boot-starter\3.4.3\247fdc05cd6de013c3fd26628fa221dd095b391\spring-boot-starter-3.4.3.jar;C:\Users\mahes\.gradle\caches\modules-2\files-2.1\org.springframework.boot\spring-boot-starter-tomcat\3.4.3\40246b02bf8bf905dd5fb3d57f48bfc2c9b49bb9\spring-boot-starter-tomcat-3.4.3.jar;C:\Users\mahes\.gradle\caches\modules-2\files-2.1\org.springframework\spring-webmvc\6.2.3\485f6e351bba471fc8f841f39eaf6488896369ff\spring-webmvc-6.2.3.jar;C:\Users\mahes\.gradle\caches\modules-2\files-2.1\org.springframework\spring-web\6.2.3\662ac5ee41af27d183f97032b2fec2b652d379f5\spring-web-6.2.3.jar;C:\Users\mahes\.gradle\caches\modules-2\files-2.1\com.fasterxml.jackson.core\jackson-databind\2.18.2\deef8697b92141fb6caf7aa86966cff4eec9b04f\jackson-databind-2.18.2.jar;C:\Users\mahes\.gradle\caches\modules-2\files-2.1\com.fasterxml.jackson.core\jackson-annotations\2.18.2\985d77751ebc7fce5db115a986bc9aa82f973f4a\jackson-annotations-2.18.2.jar;C:\Users\mahes\.gradle\caches\modules-2\files-2.1\org.jetbrains.kotlin\kotlin-stdlib-jdk8\2.1.10\3009fa6a21ebb400fe38c70eaf218a0c669ddbe2\kotlin-stdlib-jdk8-2.1.10.jar;C:\Users\mahes\.gradle\caches\modules-2\files-2.1\org.slf4j\slf4j-api\2.0.16\172931663a09a1fa515567af5fbef00897d3c04\slf4j-api-2.0.16.jar;C:\Users\mahes\.gradle\caches\modules-2\files-2.1\org.jetbrains\annotations\13.0\919f0dfe192fb4e063e7dacadee7f8bb9a2672a9\annotations-13.0.jar;C:\Users\mahes\.gradle\caches\modules-2\files-2.1\org.springframework.boot\spring-boot-starter-jdbc\3.4.3\87c09bd67ea27fcd30d6413fdbc5bfa1f688e5e8\spring-boot-starter-jdbc-3.4.3.jar;C:\Users\mahes\.gradle\caches\modules-2\files-2.1\org.hibernate.orm\hibernate-core\6.6.8.Final\2738c642d5e505249faa2f923e03541aa6b96916\hibernate-core-6.6.8.Final.jar;C:\Users\mahes\.gradle\caches\modules-2\files-2.1\org.springframework.data\spring-data-jpa\3.4.3\7e4c0e9c14f4d971a9de6aff3c9beece2001480b\spring-data-jpa-3.4.3.jar;C:\Users\mahes\.gradle\caches\modules-2\files-2.1\org.springframework\spring-aspects\6.2.3\f90a794dd3f81a1addc0552bc091e3f85b2428de\spring-aspects-6.2.3.jar;C:\Users\mahes\.gradle\caches\modules-2\files-2.1\net.devh\grpc-server-spring-boot-starter\2.14.0.RELEASE\e1b2dfdb30b534bc95852d7da319302403a34def\grpc-server-spring-boot-starter-2.14.0.RELEASE.jar;C:\Users\mahes\.gradle\caches\modules-2\files-2.1\net.devh\grpc-client-spring-boot-starter\2.14.0.RELEASE\97b99020502789d703290c0e25147233c604e80c\grpc-client-spring-boot-starter-2.14.0.RELEASE.jar;C:\Users\mahes\.gradle\caches\modules-2\files-2.1\com.google.api.grpc\proto-google-common-protos\2.9.0\e4ada41aaaf6ecdedf132f44251d0d50813f7f90\proto-google-common-protos-2.9.0.jar;C:\Users\mahes\.gradle\caches\modules-2\files-2.1\io.grpc\grpc-protobuf-lite\1.53.0\e54a4ff36048a5a28d033791187b985dc5abbe73\grpc-protobuf-lite-1.53.0.jar;C:\Users\mahes\.gradle\caches\modules-2\files-2.1\io.grpc\grpc-api\1.53.0\968fdbb4369cbf03302b1137e52e97c4d49bd548\grpc-api-1.53.0.jar;C:\Users\mahes\.gradle\caches\modules-2\files-2.1\com.google.code.findbugs\jsr305\3.0.2\25ea2e8b0c338a877313bd4672d3fe056ea78f0d\jsr305-3.0.2.jar;C:\Users\mahes\.gradle\caches\modules-2\files-2.1\com.google.guava\guava\31.1-android\9222c47cc3ae890f07f7c961bbb3cb69050fe4aa\guava-31.1-android.jar;C:\Users\mahes\.gradle\caches\modules-2\files-2.1\io.grpc\grpc-core\1.53.0\be781334b80a78f11044813fba123826d2df4b6b\grpc-core-1.53.0.jar;C:\Users\mahes\.gradle\caches\modules-2\files-2.1\io.netty\netty-codec-http2\4.1.118.Final\e3c35c0685ec9e84c4f84b79feea7c9d185a08d3\netty-codec-http2-4.1.118.Final.jar;C:\Users\mahes\.gradle\caches\modules-2\files-2.1\com.fasterxml.jackson.datatype\jackson-datatype-jdk8\2.18.2\9ed6d538ebcc66864e114a7040953dce6ab6ea53\jackson-datatype-jdk8-2.18.2.jar;C:\Users\mahes\.gradle\caches\modules-2\files-2.1\com.fasterxml.jackson.datatype\jackson-datatype-jsr310\2.18.2\7b6ff96adf421f4c6edbd694e797dd8fe434510a\jackson-datatype-jsr310-2.18.2.jar;C:\Users\mahes\.gradle\caches\modules-2\files-2.1\com.fasterxml.jackson.module\jackson-module-parameter-names\2.18.2\72960cb3277347a748911d100c3302d60e8a616a\jackson-module-parameter-names-2.18.2.jar;C:\Users\mahes\.gradle\caches\modules-2\files-2.1\org.springframework.boot\spring-boot-starter-logging\3.4.3\e5aee6af32c2dbcc9fb379bcd6c5e5b931db93f1\spring-boot-starter-logging-3.4.3.jar;C:\Users\mahes\.gradle\caches\modules-2\files-2.1\org.springframework.boot\spring-boot-autoconfigure\3.4.3\6172c599082196b340910d67c5c790c32f10e417\spring-boot-autoconfigure-3.4.3.jar;C:\Users\mahes\.gradle\caches\modules-2\files-2.1\org.springframework.boot\spring-boot\3.4.3\a7138bcecd59ed27660b3894a7812d65db4951e6\spring-boot-3.4.3.jar;C:\Users\mahes\.gradle\caches\modules-2\files-2.1\jakarta.annotation\jakarta.annotation-api\2.1.1\48b9bda22b091b1f48b13af03fe36db3be6e1ae3\jakarta.annotation-api-2.1.1.jar;C:\Users\mahes\.gradle\caches\modules-2\files-2.1\org.springframework\spring-core\6.2.3\13ec11e345b915d7ceea37446f1b1eefdcaad62c\spring-core-6.2.3.jar;C:\Users\mahes\.gradle\caches\modules-2\files-2.1\org.yaml\snakeyaml\2.3\936b36210e27320f920536f695cf1af210c44586\snakeyaml-2.3.jar;C:\Users\mahes\.gradle\caches\modules-2\files-2.1\org.apache.tomcat.embed\tomcat-embed-websocket\10.1.36\222960bc8895aa543e405382094c7fb118544d0d\tomcat-embed-websocket-10.1.36.jar;C:\Users\mahes\.gradle\caches\modules-2\files-2.1\org.apache.tomcat.embed\tomcat-embed-core\10.1.36\3ccaa558e32e317e35d6674d65d7d9aa182e082f\tomcat-embed-core-10.1.36.jar;C:\Users\mahes\.gradle\caches\modules-2\files-2.1\org.apache.tomcat.embed\tomcat-embed-el\10.1.36\4e4235a18244af30bb32d9b5a9400fb8edb3bc20\tomcat-embed-el-10.1.36.jar;C:\Users\mahes\.gradle\caches\modules-2\files-2.1\org.springframework\spring-context\6.2.3\35acadc000b8aaff77e3412dd9acb51aa70c8515\spring-context-6.2.3.jar;C:\Users\mahes\.gradle\caches\modules-2\files-2.1\org.springframework\spring-aop\6.2.3\7983418fa64505d144b60826fb1352ad336c60a0\spring-aop-6.2.3.jar;C:\Users\mahes\.gradle\caches\modules-2\files-2.1\org.springframework\spring-beans\6.2.3\de660324c90e9b015886d85c746860478fa7d99c\spring-beans-6.2.3.jar;C:\Users\mahes\.gradle\caches\modules-2\files-2.1\org.springframework\spring-expression\6.2.3\bda43c7be1bb69cce2a380c2bbaf05062631d42d\spring-expression-6.2.3.jar;C:\Users\mahes\.gradle\caches\modules-2\files-2.1\io.micrometer\micrometer-observation\1.14.4\c17efe9e6695a0a849a95d0e77422516a345e779\micrometer-observation-1.14.4.jar;C:\Users\mahes\.gradle\caches\modules-2\files-2.1\com.fasterxml.jackson.core\jackson-core\2.18.2\fb64ccac5c27dca8819418eb4e443a9f496d9ee7\jackson-core-2.18.2.jar;C:\Users\mahes\.gradle\caches\modules-2\files-2.1\org.jetbrains.kotlin\kotlin-stdlib-jdk7\2.1.10\c9d8cb43c1d65c500ffbbb6eb591b9c8928caf6d\kotlin-stdlib-jdk7-2.1.10.jar;C:\Users\mahes\.gradle\caches\modules-2\files-2.1\com.zaxxer\HikariCP\5.1.0\8c96e36c14461fc436bb02b264b96ef3ca5dca8c\HikariCP-5.1.0.jar;C:\Users\mahes\.gradle\caches\modules-2\files-2.1\org.springframework\spring-jdbc\6.2.3\37a5f7fd424fe555a556138c8ac4f8d6dd312c19\spring-jdbc-6.2.3.jar;C:\Users\mahes\.gradle\caches\modules-2\files-2.1\jakarta.persistence\jakarta.persistence-api\3.1.0\66901fa1c373c6aff65c13791cc11da72060a8d6\jakarta.persistence-api-3.1.0.jar;C:\Users\mahes\.gradle\caches\modules-2\files-2.1\jakarta.transaction\jakarta.transaction-api\2.0.1\51a520e3fae406abb84e2e1148e6746ce3f80a1a\jakarta.transaction-api-2.0.1.jar;C:\Users\mahes\.gradle\caches\modules-2\files-2.1\org.springframework.data\spring-data-commons\3.4.3\2b61ff4aef4a81071ce7eaf1ec29ef9e553bf930\spring-data-commons-3.4.3.jar;C:\Users\mahes\.gradle\caches\modules-2\files-2.1\org.springframework\spring-orm\6.2.3\b99b9917702591c2ef0cfa7a9bff6bf757015437\spring-orm-6.2.3.jar;C:\Users\mahes\.gradle\caches\modules-2\files-2.1\org.springframework\spring-tx\6.2.3\29c8703a756f9a41bc8e14e2aae7890658c54abf\spring-tx-6.2.3.jar;C:\Users\mahes\.gradle\caches\modules-2\files-2.1\org.antlr\antlr4-runtime\4.13.0\5a02e48521624faaf5ff4d99afc88b01686af655\antlr4-runtime-4.13.0.jar;C:\Users\mahes\.gradle\caches\modules-2\files-2.1\org.aspectj\aspectjweaver\1.9.22.1\bca243d0af0db4758fbae45c5f4995cb5dabb612\aspectjweaver-1.9.22.1.jar;C:\Users\mahes\.gradle\caches\modules-2\files-2.1\net.devh\grpc-server-spring-boot-autoconfigure\2.14.0.RELEASE\de569db294e06e07d46e46ede4660ddf694f31f4\grpc-server-spring-boot-autoconfigure-2.14.0.RELEASE.jar;C:\Users\mahes\.gradle\caches\modules-2\files-2.1\net.devh\grpc-client-spring-boot-autoconfigure\2.14.0.RELEASE\351d156d67697f7893eb75e030cf2bd63303175e\grpc-client-spring-boot-autoconfigure-2.14.0.RELEASE.jar;C:\Users\mahes\.gradle\caches\modules-2\files-2.1\io.grpc\grpc-context\1.53.0\70aa77c3e715b6f22a42c466eb2f48031bc468fb\grpc-context-1.53.0.jar;C:\Users\mahes\.gradle\caches\modules-2\files-2.1\com.google.errorprone\error_prone_annotations\2.14.0\9f01b3654d3c536859705f09f8d267ee977b4004\error_prone_annotations-2.14.0.jar;C:\Users\mahes\.gradle\caches\modules-2\files-2.1\com.google.guava\failureaccess\1.0.1\1dcf1de382a0bf95a3d8b0849546c88bac1292c9\failureaccess-1.0.1.jar;C:\Users\mahes\.gradle\caches\modules-2\files-2.1\com.google.guava\listenablefuture\9999.0-empty-to-avoid-conflict-with-guava\b421526c5f297295adef1c886e5246c39d4ac629\listenablefuture-9999.0-empty-to-avoid-conflict-with-guava.jar;C:\Users\mahes\.gradle\caches\modules-2\files-2.1\org.checkerframework\checker-qual\3.12.0\d5692f0526415fcc6de94bb5bfbd3afd9dd3b3e5\checker-qual-3.12.0.jar;C:\Users\mahes\.gradle\caches\modules-2\files-2.1\com.google.j2objc\j2objc-annotations\1.3\ba035118bc8bac37d7eff77700720999acd9986d\j2objc-annotations-1.3.jar;C:\Users\mahes\.gradle\caches\modules-2\files-2.1\io.netty\netty-codec-http\4.1.118.Final\eda08a71294afe78c779b85fd696bc13491507a8\netty-codec-http-4.1.118.Final.jar;C:\Users\mahes\.gradle\caches\modules-2\files-2.1\io.netty\netty-handler\4.1.118.Final\30ebb05b6b0fb071dbfcf713017c4a767a97bb9b\netty-handler-4.1.118.Final.jar;C:\Users\mahes\.gradle\caches\modules-2\files-2.1\io.netty\netty-codec\4.1.118.Final\307f665c08ce57333121de4f460479fc0c3c94d4\netty-codec-4.1.118.Final.jar;C:\Users\mahes\.gradle\caches\modules-2\files-2.1\io.netty\netty-transport\4.1.118.Final\5a27232e5d08218722d94ca14f0b1b4576e7711c\netty-transport-4.1.118.Final.jar;C:\Users\mahes\.gradle\caches\modules-2\files-2.1\io.netty\netty-buffer\4.1.118.Final\7022990af1e0d449f9d5322035899745e19735c5\netty-buffer-4.1.118.Final.jar;C:\Users\mahes\.gradle\caches\modules-2\files-2.1\io.netty\netty-common\4.1.118.Final\4bb0f9899146484fa89f7b9bc27389d5b8e2ecde\netty-common-4.1.118.Final.jar;C:\Users\mahes\.gradle\caches\modules-2\files-2.1\ch.qos.logback\logback-classic\1.5.16\113979db51dfad6dc895b34460d7b7ff64ffe7d2\logback-classic-1.5.16.jar;C:\Users\mahes\.gradle\caches\modules-2\files-2.1\org.apache.logging.log4j\log4j-to-slf4j\2.24.3\da1143e2a2531ee1c2d90baa98eb50a28a39d5a7\log4j-to-slf4j-2.24.3.jar;C:\Users\mahes\.gradle\caches\modules-2\files-2.1\org.slf4j\jul-to-slf4j\2.0.16\6d57da3e961daac65bcca0dd3def6cd11e48a24a\jul-to-slf4j-2.0.16.jar;C:\Users\mahes\.gradle\caches\modules-2\files-2.1\org.springframework\spring-jcl\6.2.3\ce8bf55aa240fdeab07b3da1f462c79112a33aff\spring-jcl-6.2.3.jar;C:\Users\mahes\.gradle\caches\modules-2\files-2.1\io.micrometer\micrometer-commons\1.14.4\3664f95586514d8f9adc81a5f7a5ef9f66b65599\micrometer-commons-1.14.4.jar;C:\Users\mahes\.gradle\caches\modules-2\files-2.1\io.grpc\grpc-services\1.53.0\4e25f3e96eb18fcb251e53697cce549c4ede737d\grpc-services-1.53.0.jar;C:\Users\mahes\.gradle\caches\modules-2\files-2.1\net.devh\grpc-common-spring-boot\2.14.0.RELEASE\d6dfe42c792b252247d3c06de1b4f7c881727be4\grpc-common-spring-boot-2.14.0.RELEASE.jar;C:\Users\mahes\.gradle\caches\modules-2\files-2.1\io.grpc\grpc-netty-shaded\1.53.0\e302201caf3289e8a030b111d90fed64108b5957\grpc-netty-shaded-1.53.0.jar;C:\Users\mahes\.gradle\caches\modules-2\files-2.1\io.netty\netty-transport-native-unix-common\4.1.118.Final\9da25a94e6a0edac90da0bc7894e5a54efcb866b\netty-transport-native-unix-common-4.1.118.Final.jar;C:\Users\mahes\.gradle\caches\modules-2\files-2.1\io.netty\netty-resolver\4.1.118.Final\28c378c19c1779eca1104b400452627f3ebc4aea\netty-resolver-4.1.118.Final.jar;C:\Users\mahes\.gradle\caches\modules-2\files-2.1\ch.qos.logback\logback-core\1.5.16\4f17700f046900aea2fadf115e2d67fec921f7fd\logback-core-1.5.16.jar;C:\Users\mahes\.gradle\caches\modules-2\files-2.1\org.apache.logging.log4j\log4j-api\2.24.3\b02c125db8b6d295adf72ae6e71af5d83bce2370\log4j-api-2.24.3.jar;C:\Users\mahes\.gradle\caches\modules-2\files-2.1\org.springframework.boot\spring-boot-devtools\3.4.3\2ff7eda01cc1f445ddf1cc4a18fc4950634dbb33\spring-boot-devtools-3.4.3.jar;C:\Users\mahes\.gradle\caches\modules-2\files-2.1\org.jetbrains.kotlinx\kotlinx-coroutines-core-jvm\1.8.1\bb0e192bd7c2b6b8217440d36e9758e377e450\kotlinx-coroutines-core-jvm-1.8.1.jar;C:\Users\mahes\.gradle\caches\modules-2\files-2.1\org.jetbrains\annotations\23.0.0\8cc20c07506ec18e0834947b84a864bfc094484e\annotations-23.0.0.jar;C:\Users\mahes\.gradle\caches\modules-2\files-2.1\org.checkerframework\checker-qual\3.48.3\c48effe7d78de3cf5e8a98c614281ec6a2466a77\checker-qual-3.48.3.jar;C:\Users\mahes\.gradle\caches\modules-2\files-2.1\com.google.errorprone\error_prone_annotations\2.27.0\91b2c29d8a6148b5e2e4930f070d4840e2e48e34\error_prone_annotations-2.27.0.jar;C:\Users\mahes\.gradle\caches\modules-2\files-2.1\io.netty\netty-handler-proxy\4.1.118.Final\28d6c41b72df614e09440ae0bed53a43fbcfbe27\netty-handler-proxy-4.1.118.Final.jar;C:\Users\mahes\.gradle\caches\modules-2\files-2.1\io.perfmark\perfmark-api\0.25.0\340a0c3d81cdcd9ecd7dc2ae00fb2633b469b157\perfmark-api-0.25.0.jar;C:\Users\mahes\.gradle\caches\modules-2\files-2.1\org.jboss.logging\jboss-logging\3.6.1.Final\886afbb445b4016a37c8960a7aef6ebd769ce7e5\jboss-logging-3.6.1.Final.jar;C:\Users\mahes\.gradle\caches\modules-2\files-2.1\org.hibernate.common\hibernate-commons-annotations\7.0.3.Final\e183c4be8bb41d12e9f19b374e00c34a0a85f439\hibernate-commons-annotations-7.0.3.Final.jar;C:\Users\mahes\.gradle\caches\modules-2\files-2.1\io.smallrye\jandex\3.2.0\f17ad860f62a08487b9edabde608f8ac55c62fa7\jandex-3.2.0.jar;C:\Users\mahes\.gradle\caches\modules-2\files-2.1\com.fasterxml\classmate\1.7.0\e98374da1f2143ac8e6e0a95036994bb19137a3\classmate-1.7.0.jar;C:\Users\mahes\.gradle\caches\modules-2\files-2.1\net.bytebuddy\byte-buddy\1.15.11\f61886478e0f9ee4c21d09574736f0ff45e0a46c\byte-buddy-1.15.11.jar;C:\Users\mahes\.gradle\caches\modules-2\files-2.1\org.glassfish.jaxb\jaxb-runtime\4.0.5\ca84c2a7169b5293e232b9d00d1e4e36d4c3914a\jaxb-runtime-4.0.5.jar;C:\Users\mahes\.gradle\caches\modules-2\files-2.1\jakarta.xml.bind\jakarta.xml.bind-api\4.0.2\6cd5a999b834b63238005b7144136379dc36cad2\jakarta.xml.bind-api-4.0.2.jar;C:\Users\mahes\.gradle\caches\modules-2\files-2.1\jakarta.inject\jakarta.inject-api\2.0.1\4c28afe1991a941d7702fe1362c365f0a8641d1e\jakarta.inject-api-2.0.1.jar;C:\Users\mahes\.gradle\caches\modules-2\files-2.1\com.google.code.gson\gson\2.11.0\527175ca6d81050b53bdd4c457a6d6e017626b0e\gson-2.11.0.jar;C:\Users\mahes\.gradle\caches\modules-2\files-2.1\com.google.android\annotations\4.1.1.4\a1678ba907bf92691d879fef34e1a187038f9259\annotations-4.1.1.4.jar;C:\Users\mahes\.gradle\caches\modules-2\files-2.1\org.codehaus.mojo\animal-sniffer-annotations\1.21\419a9acd297cb6fe6f91b982d909f2c20e9fa5c0\animal-sniffer-annotations-1.21.jar;C:\Users\mahes\.gradle\caches\modules-2\files-2.1\io.netty\netty-codec-socks\4.1.118.Final\488a67579f062bba2d2d20ce46f9bb28a68b0875\netty-codec-socks-4.1.118.Final.jar;C:\Users\mahes\.gradle\caches\modules-2\files-2.1\org.glassfish.jaxb\jaxb-core\4.0.5\7b4b11ea5542eea4ad55e1080b23be436795b3\jaxb-core-4.0.5.jar;C:\Users\mahes\.gradle\caches\modules-2\files-2.1\jakarta.activation\jakarta.activation-api\2.1.3\fa165bd70cda600368eee31555222776a46b881f\jakarta.activation-api-2.1.3.jar;C:\Users\mahes\.gradle\caches\modules-2\files-2.1\org.eclipse.angus\angus-activation\2.0.2\41f1e0ddd157c856926ed149ab837d110955a9fc\angus-activation-2.0.2.jar;C:\Users\mahes\.gradle\caches\modules-2\files-2.1\org.glassfish.jaxb\txw2\4.0.5\f36a4ef12120a9bb06d766d6a0e54b144fd7ed98\txw2-4.0.5.jar;C:\Users\mahes\.gradle\caches\modules-2\files-2.1\com.sun.istack\istack-commons-runtime\4.1.2\18ec117c85f3ba0ac65409136afa8e42bc74e739\istack-commons-runtime-4.1.2.jar;C:\Users\mahes\.gradle\caches\modules-2\files-2.1\com.google.protobuf\protobuf-java-util\3.21.7\b379ede46ca813491f8588d1ab981cbf627e7dcc\protobuf-java-util-3.21.7.jar
Launcher Type: SUN_STANDARD

[Global flags]
     intx CICompilerCount                          = 12                                        {product} {ergonomic}
     uint ConcGCThreads                            = 3                                         {product} {ergonomic}
     uint G1ConcRefinementThreads                  = 13                                        {product} {ergonomic}
   size_t G1HeapRegionSize                         = 2097152                                   {product} {ergonomic}
    uintx GCDrainStackTargetSize                   = 64                                        {product} {ergonomic}
   size_t InitialHeapSize                          = 257949696                                 {product} {ergonomic}
     bool ManagementServer                         = true                                      {product} {command line}
   size_t MarkStackSize                            = 4194304                                   {product} {ergonomic}
   size_t MaxHeapSize                              = 4118806528                                {product} {ergonomic}
   size_t MaxNewSize                               = 2470445056                                {product} {ergonomic}
   size_t MinHeapDeltaBytes                        = 2097152                                   {product} {ergonomic}
   size_t MinHeapSize                              = 8388608                                   {product} {ergonomic}
    uintx NonNMethodCodeHeapSize                   = 4096                                   {pd product} {ergonomic}
    uintx NonProfiledCodeHeapSize                  = 0                                      {pd product} {ergonomic}
     bool ProfileInterpreter                       = false                                  {pd product} {command line}
    uintx ProfiledCodeHeapSize                     = 0                                      {pd product} {ergonomic}
   size_t SoftMaxHeapSize                          = 4118806528                             {manageable} {ergonomic}
     intx TieredStopAtLevel                        = 1                                         {product} {command line}
     bool UseCompressedOops                        = true                           {product lp64_product} {ergonomic}
     bool UseG1GC                                  = true                                      {product} {ergonomic}
     bool UseLargePagesIndividualAllocation        = false                                  {pd product} {ergonomic}

Logging:
Log output configuration:
 #0: stdout all=warning uptime,level,tags foldmultilines=false
 #1: stderr all=off uptime,level,tags foldmultilines=false

Environment Variables:
JAVA_HOME=D:\softwareDevFolder\jdk\oracleopenjdk22
PATH=D:\softwareDevFolder\cudnn\bin;D:\softwareDevFolder\cuda\bin;D:\softwareDevFolder\cuda\libnvvp;C:\Program Files\NVIDIA GPU Computing Toolkit\CUDA\v12.5\bin;C:\Program Files\NVIDIA GPU Computing Toolkit\CUDA\v12.5\libnvvp;D:\softwareDevFolder\python\Python312\Scripts;D:\softwareDevFolder\python\Python312;C:\WINDOWS\system32;C:\WINDOWS;C:\WINDOWS\System32\Wbem;C:\WINDOWS\System32\WindowsPowerShell\v1.0\;C:\WINDOWS\System32\OpenSSH\;C:\Users\mahes\AppData\Local\JetBrains\Toolbox\scripts;D:\softwareDevFolder\nodejs\;C:\ProgramData\chocolatey\bin;D:\softwareDevFolder\jdk\oracleopenjdk22\bin;C:\Users\mahes\AppData\Local\Pub\Cache\bin;C:\Program Files\Docker\Docker\resources\bin;C:\Program Files (x86)\NVIDIA Corporation\PhysX\Common;D:\softwareDevFolder\git\Git\cmd;C:\Program Files (x86)\Windows Kits\10\Windows Performance Toolkit\;D:\softwareDevFolder\Android\android;C:\Program Files\Amazon\AWSCLIV2\;\usr\bin:\bin;\bin:\usr\bin;C:\WINDOWS\system32;C:\WINDOWS;C:\WINDOWS\System32\Wbem;C:\WINDOWS\System32\WindowsPowerShell\v1.0\;C:\WINDOWS\System32\OpenSSH\;C:\Program Files\NVIDIA Corporation\Nsight Compute 2024.1.0\;D:\softwareDevFolder\cudnn\include\12.6;D:\softwareDevFolder\cudnn\bin\12.6;C:\Program Files\NVIDIA Corporation\NVIDIA NvDLISR;C:\Program Files (x86)\Microsoft Visual Studio\2022\BuildTools\VC\Tools\MSVC\14.40.33807\bin\Hostx64\x64;C:\Program Files (x86)\Microsoft Visual Studio\2022\BuildTools\VC\Tools\MSVC\14.40.33807\include;D:\softwareDevFolder\LLVM\bin;D:\softwareDevFolder\protocolBuffers\bin;D:\softwareDevFolder\ideaProjects\majorapplication\rustSpringdll;C:\Users\mahes\.cargo\bin;D:\softwareDevFolder\Anaconda;D:\softwareDevFolder\Anaconda\Library\mingw-w64\bin;D:\softwareDevFolder\Anaconda\Library\usr\bin;D:\softwareDevFolder\Anaconda\Library\bin;D:\softwareDevFolder\Anaconda\Scripts;C:\Users\mahes\AppData\Local\Microsoft\WindowsApps;C:\Users\mahes\AppData\Local\JetBrains\Toolbox\scripts;C:\Users\mahes\AppData\Roaming\npm;C:\Users\mahes\AppData\Local\Programs\Microsoft VS Code\bin;D:\softwareDevFolder\Flutter\flutter\bin;D:\softwareDevFolder\MingGW\bin;C:\Users\mahes\AppData\Local\Programs\MiKTeX\miktex\bin\x64\;C:\Users\mahes\AppData\Local\Microsoft\WindowsApps;
USERNAME=mahes
OS=Windows_NT
PROCESSOR_IDENTIFIER=AMD64 Family 25 Model 80 Stepping 0, AuthenticAMD
TMP=C:\Users\mahes\AppData\Local\Temp
TEMP=C:\Users\mahes\AppData\Local\Temp




Periodic native trim disabled

---------------  S Y S T E M  ---------------

OS:
 Windows 11 , 64 bit Build 26100 (10.0.26100.3323)
OS uptime: 0 days 5:04 hours
Hyper-V role detected

CPU: total 16 (initial active 16) (16 cores per cpu, 2 threads per core) family 25 model 80 stepping 0 microcode 0xa50000f, cx8, cmov, fxsr, ht, mmx, 3dnowpref, sse, sse2, sse3, ssse3, sse4a, sse4.1, sse4.2, popcnt, lzcnt, tsc, tscinvbit, avx, avx2, aes, erms, clmul, bmi1, bmi2, adx, sha, fma, vzeroupper, clflush, clflushopt, hv, rdtscp, rdpid, fsrm, f16c, cet_ss
Processor Information for the first 16 processors :
  Max Mhz: 3201, Current Mhz: 3201, Mhz Limit: 3201

Memory: 4k page, system-wide physical 15709M (4945M free)
TotalPageFile size 26973M (AvailPageFile size 12673M)
current process WorkingSet (physical memory assigned to process): 241M, peak: 241M
current process commit charge ("private bytes"): 295M, peak: 381M

vm_info: OpenJDK 64-Bit Server VM (21.0.6+7-LTS) for windows-amd64 JRE (21.0.6+7-LTS), built on 2025-01-07T23:42:01Z by "Administrator" with MS VC++ 16.10 / 16.11 (VS2019)

END.
