#
# A fatal error has been detected by the Java Runtime Environment:
#
#  EXCEPTION_UNCAUGHT_CXX_EXCEPTION (0xe06d7363) at pc=0x00007ff8894dab6a, pid=10952, tid=17576
#
# JRE version: OpenJDK Runtime Environment Corretto-21.0.6.7.1 (21.0.6+7) (build 21.0.6+7-LTS)
# Java VM: OpenJDK 64-Bit Server VM Corretto-21.0.6.7.1 (21.0.6+7-LTS, mixed mode, emulated-client, sharing, tiered, compressed oops, compressed class ptrs, g1 gc, windows-amd64)
# Problematic frame:
# C  [KERNELBASE.dll+0xcab6a]
#
# No core dump will be written. Minidumps are not enabled by default on client versions of Windows
#
# If you would like to submit a bug report, please visit:
#   https://github.com/corretto/corretto-21/issues/
# The crash happened outside the Java Virtual Machine in native code.
# See problematic frame for where to report the bug.
#

---------------  S U M M A R Y ------------

Command Line: -XX:TieredStopAtLevel=1 -Dspring.output.ansi.enabled=always -Dcom.sun.management.jmxremote -Dspring.jmx.enabled=true -Dspring.liveBeansView.mbeanDomain -Dspring.application.admin.enabled=true -Dmanagement.endpoints.jmx.exposure.include=* -javaagent:D:\Apps\Jetbrains\IntelliJ IDEA Ultimate\lib\idea_rt.jar=56924 -Dfile.encoding=UTF-8 -Dsun.stdout.encoding=UTF-8 -Dsun.stderr.encoding=UTF-8 com.example.majorapplication.MajorApplicationKt

Host: AMD Ryzen 7 5800H with Radeon Graphics         , 16 cores, 15G,  Windows 11 , 64 bit Build 26100 (10.0.26100.3323)
Time: Sun Mar 23 15:32:59 2025 India Standard Time elapsed time: 16.366633 seconds (0d 0h 0m 16s)

---------------  T H R E A D  ---------------

Current thread (0x00000213537129f0):  JavaThread "http-nio-8080-exec-1" daemon [_thread_in_native, id=17576, stack(0x000000d16e300000,0x000000d16e400000) (1024K)]

Stack: [0x000000d16e300000,0x000000d16e400000],  sp=0x000000d16e3fbec0,  free space=1007k
Native frames: (J=compiled Java code, j=interpreted, Vv=VM code, C=native code)
C  [KERNELBASE.dll+0xcab6a]
C  [VCRUNTIME140.dll+0x6480]
C  [zkp_proximity.dll+0x134560]

Java frames: (J=compiled Java code, j=interpreted, Vv=VM code)
j  com.example.majorapplication.zkp.Verifier.startVerification(Lcom/example/majorapplication/zkp/ProofData;)Z+0
j  com.example.majorapplication.zkp.Verifier.VerifyProof(Lcom/example/majorapplication/zkp/ProofData;)Z+8
j  com.example.majorapplication.controllers.DataController.verifierCheck()V+16
j  java.lang.invoke.LambdaForm$DMH+0x000002130c2b0400.invokeVirtual(Ljava/lang/Object;Ljava/lang/Object;)V+10 java.base@21.0.6
j  java.lang.invoke.LambdaForm$MH+0x000002130c300800.invoke(Ljava/lang/Object;Ljava/lang/Object;)Ljava/lang/Object;+31 java.base@21.0.6
J 4704 c1 jdk.internal.reflect.DirectMethodHandleAccessor.invoke(Ljava/lang/Object;[Ljava/lang/Object;)Ljava/lang/Object; java.base@21.0.6 (92 bytes) @ 0x0000021300dfbc1c [0x0000021300dfb8a0+0x000000000000037c]
J 4782 c1 java.lang.reflect.Method.invoke(Ljava/lang/Object;[Ljava/lang/Object;)Ljava/lang/Object; java.base@21.0.6 (108 bytes) @ 0x0000021300e15bdc [0x0000021300e15a00+0x00000000000001dc]
j  kotlin.reflect.jvm.internal.calls.CallerImpl$Method.callMethod(Ljava/lang/Object;[Ljava/lang/Object;)Ljava/lang/Object;+20
j  kotlin.reflect.jvm.internal.calls.CallerImpl$Method$Instance.call([Ljava/lang/Object;)Ljava/lang/Object;+57
j  kotlin.reflect.jvm.internal.KCallableImpl.callDefaultMethod$kotlin_reflection(Ljava/util/Map;Lkotlin/coroutines/Continuation;)Ljava/lang/Object;+464
j  kotlin.reflect.jvm.internal.KCallableImpl.callBy(Ljava/util/Map;)Ljava/lang/Object;+24
j  org.springframework.web.method.support.InvocableHandlerMethod$KotlinDelegate.invokeFunction(Ljava/lang/reflect/Method;Ljava/lang/Object;[Ljava/lang/Object;)Ljava/lang/Object;+270
j  org.springframework.web.method.support.InvocableHandlerMethod.doInvoke([Ljava/lang/Object;)Ljava/lang/Object;+45
j  org.springframework.web.method.support.InvocableHandlerMethod.invokeForRequest(Lorg/springframework/web/context/request/NativeWebRequest;Lorg/springframework/web/method/support/ModelAndViewContainer;[Ljava/lang/Object;)Ljava/lang/Object;+82
j  org.springframework.web.servlet.mvc.method.annotation.ServletInvocableHandlerMethod.invokeAndHandle(Lorg/springframework/web/context/request/ServletWebRequest;Lorg/springframework/web/method/support/ModelAndViewContainer;[Ljava/lang/Object;)V+4
j  org.springframework.web.servlet.mvc.method.annotation.RequestMappingHandlerAdapter.invokeHandlerMethod(Ljakarta/servlet/http/HttpServletRequest;Ljakarta/servlet/http/HttpServletResponse;Lorg/springframework/web/method/HandlerMethod;)Lorg/springframework/web/servlet/ModelAndView;+309
j  org.springframework.web.servlet.mvc.method.annotation.RequestMappingHandlerAdapter.handleInternal(Ljakarta/servlet/http/HttpServletRequest;Ljakarta/servlet/http/HttpServletResponse;Lorg/springframework/web/method/HandlerMethod;)Lorg/springframework/web/servlet/ModelAndView;+81
j  org.springframework.web.servlet.mvc.method.AbstractHandlerMethodAdapter.handle(Ljakarta/servlet/http/HttpServletRequest;Ljakarta/servlet/http/HttpServletResponse;Ljava/lang/Object;)Lorg/springframework/web/servlet/ModelAndView;+7
j  org.springframework.web.servlet.DispatcherServlet.doDispatch(Ljakarta/servlet/http/HttpServletRequest;Ljakarta/servlet/http/HttpServletResponse;)V+304
j  org.springframework.web.servlet.DispatcherServlet.doService(Ljakarta/servlet/http/HttpServletRequest;Ljakarta/servlet/http/HttpServletResponse;)V+242
j  org.springframework.web.servlet.FrameworkServlet.processRequest(Ljakarta/servlet/http/HttpServletRequest;Ljakarta/servlet/http/HttpServletResponse;)V+70
j  org.springframework.web.servlet.FrameworkServlet.doGet(Ljakarta/servlet/http/HttpServletRequest;Ljakarta/servlet/http/HttpServletResponse;)V+3
j  jakarta.servlet.http.HttpServlet.service(Ljakarta/servlet/http/HttpServletRequest;Ljakarta/servlet/http/HttpServletResponse;)V+35
j  org.springframework.web.servlet.FrameworkServlet.service(Ljakarta/servlet/http/HttpServletRequest;Ljakarta/servlet/http/HttpServletResponse;)V+20
j  jakarta.servlet.http.HttpServlet.service(Ljakarta/servlet/ServletRequest;Ljakarta/servlet/ServletResponse;)V+37
j  org.apache.catalina.core.ApplicationFilterChain.internalDoFilter(Ljakarta/servlet/ServletRequest;Ljakarta/servlet/ServletResponse;)V+300
j  org.apache.catalina.core.ApplicationFilterChain.doFilter(Ljakarta/servlet/ServletRequest;Ljakarta/servlet/ServletResponse;)V+99
j  org.apache.tomcat.websocket.server.WsFilter.doFilter(Ljakarta/servlet/ServletRequest;Ljakarta/servlet/ServletResponse;Ljakarta/servlet/FilterChain;)V+21
j  org.apache.catalina.core.ApplicationFilterChain.internalDoFilter(Ljakarta/servlet/ServletRequest;Ljakarta/servlet/ServletResponse;)V+130
j  org.apache.catalina.core.ApplicationFilterChain.doFilter(Ljakarta/servlet/ServletRequest;Ljakarta/servlet/ServletResponse;)V+99
j  org.springframework.web.filter.RequestContextFilter.doFilterInternal(Ljakarta/servlet/http/HttpServletRequest;Ljakarta/servlet/http/HttpServletResponse;Ljakarta/servlet/FilterChain;)V+21
j  org.springframework.web.filter.OncePerRequestFilter.doFilter(Ljakarta/servlet/ServletRequest;Ljakarta/servlet/ServletResponse;Ljakarta/servlet/FilterChain;)V+150
j  org.apache.catalina.core.ApplicationFilterChain.internalDoFilter(Ljakarta/servlet/ServletRequest;Ljakarta/servlet/ServletResponse;)V+130
j  org.apache.catalina.core.ApplicationFilterChain.doFilter(Ljakarta/servlet/ServletRequest;Ljakarta/servlet/ServletResponse;)V+99
j  org.springframework.web.filter.FormContentFilter.doFilterInternal(Ljakarta/servlet/http/HttpServletRequest;Ljakarta/servlet/http/HttpServletResponse;Ljakarta/servlet/FilterChain;)V+38
j  org.springframework.web.filter.OncePerRequestFilter.doFilter(Ljakarta/servlet/ServletRequest;Ljakarta/servlet/ServletResponse;Ljakarta/servlet/FilterChain;)V+150
j  org.apache.catalina.core.ApplicationFilterChain.internalDoFilter(Ljakarta/servlet/ServletRequest;Ljakarta/servlet/ServletResponse;)V+130
j  org.apache.catalina.core.ApplicationFilterChain.doFilter(Ljakarta/servlet/ServletRequest;Ljakarta/servlet/ServletResponse;)V+99
j  org.springframework.web.filter.CharacterEncodingFilter.doFilterInternal(Ljakarta/servlet/http/HttpServletRequest;Ljakarta/servlet/http/HttpServletResponse;Ljakarta/servlet/FilterChain;)V+53
j  org.springframework.web.filter.OncePerRequestFilter.doFilter(Ljakarta/servlet/ServletRequest;Ljakarta/servlet/ServletResponse;Ljakarta/servlet/FilterChain;)V+150
j  org.apache.catalina.core.ApplicationFilterChain.internalDoFilter(Ljakarta/servlet/ServletRequest;Ljakarta/servlet/ServletResponse;)V+130
j  org.apache.catalina.core.ApplicationFilterChain.doFilter(Ljakarta/servlet/ServletRequest;Ljakarta/servlet/ServletResponse;)V+99
j  org.apache.catalina.core.StandardWrapperValve.invoke(Lorg/apache/catalina/connector/Request;Lorg/apache/catalina/connector/Response;)V+514
j  org.apache.catalina.core.StandardContextValve.invoke(Lorg/apache/catalina/connector/Request;Lorg/apache/catalina/connector/Response;)V+169
j  org.apache.catalina.authenticator.AuthenticatorBase.invoke(Lorg/apache/catalina/connector/Request;Lorg/apache/catalina/connector/Response;)V+221
j  org.apache.catalina.core.StandardHostValve.invoke(Lorg/apache/catalina/connector/Request;Lorg/apache/catalina/connector/Response;)V+131
j  org.apache.catalina.valves.ErrorReportValve.invoke(Lorg/apache/catalina/connector/Request;Lorg/apache/catalina/connector/Response;)V+6
j  org.apache.catalina.core.StandardEngineValve.invoke(Lorg/apache/catalina/connector/Request;Lorg/apache/catalina/connector/Response;)V+59
j  org.apache.catalina.connector.CoyoteAdapter.service(Lorg/apache/coyote/Request;Lorg/apache/coyote/Response;)V+188
j  org.apache.coyote.http11.Http11Processor.service(Lorg/apache/tomcat/util/net/SocketWrapperBase;)Lorg/apache/tomcat/util/net/AbstractEndpoint$Handler$SocketState;+796
j  org.apache.coyote.AbstractProcessorLight.process(Lorg/apache/tomcat/util/net/SocketWrapperBase;Lorg/apache/tomcat/util/net/SocketEvent;)Lorg/apache/tomcat/util/net/AbstractEndpoint$Handler$SocketState;+155
j  org.apache.coyote.AbstractProtocol$ConnectionHandler.process(Lorg/apache/tomcat/util/net/SocketWrapperBase;Lorg/apache/tomcat/util/net/SocketEvent;)Lorg/apache/tomcat/util/net/AbstractEndpoint$Handler$SocketState;+482
j  org.apache.tomcat.util.net.NioEndpoint$SocketProcessor.doRun()V+249
j  org.apache.tomcat.util.net.SocketProcessorBase.run()V+32
j  org.apache.tomcat.util.threads.ThreadPoolExecutor.runWorker(Lorg/apache/tomcat/util/threads/ThreadPoolExecutor$Worker;)V+92
j  org.apache.tomcat.util.threads.ThreadPoolExecutor$Worker.run()V+5
j  org.apache.tomcat.util.threads.TaskThread$WrappingRunnable.run()V+4
j  java.lang.Thread.runWith(Ljava/lang/Object;Ljava/lang/Runnable;)V+5 java.base@21.0.6
j  java.lang.Thread.run()V+19 java.base@21.0.6
v  ~StubRoutines::call_stub 0x000002130000100d

siginfo: EXCEPTION_UNCAUGHT_CXX_EXCEPTION (0xe06d7363), ExceptionInformation=0x0000000019930520 0x000000d16e3fc048 0x00007fffe3d3f1e8 0x00007fffe3bb0000 


Registers:
RAX=0x00007fffe3bc750e, RBX=0x000000d16e3fbfe8, RCX=0x0000002500000003, RDX=0x00007fffe3bc17ad
RSP=0x000000d16e3fbec0, RBP=0x0000000000000004, RSI=0x0000000000000001, RDI=0x00000000e06d7363
R8 =0x00007fffe5b88d10, R9 =0x0000002500000003, R10=0x00007fffe3bbd3ce, R11=0x0000000000000001
R12=0x0000000000000000, R13=0x000002134f668cf0, R14=0x000000d16e3fd200, R15=0x00007fffe3cfa800
RIP=0x00007ff8894dab6a, EFLAGS=0x0000000000000202

XMM[0]=0x0000021300071700 0x0000021300071400
XMM[1]=0x0000021300071d00 0x0000021300071a00
XMM[2]=0x0000000000000000 0x0000000000000001
XMM[3]=0x000000000000001e 0x000000000000000f
XMM[4]=0x00007ff88950881c 0x00000000c0000008
XMM[5]=0x00000213c0000008 0x00000213c0000008
XMM[6]=0x0000000000000000 0x0000000000000000
XMM[7]=0x0000000000000000 0x0000000000000000
XMM[8]=0x0000000000000000 0x0000000000000000
XMM[9]=0x0000000000000000 0x0000000000000000
XMM[10]=0x0000000000000000 0x0000000000000000
XMM[11]=0x0000000000000000 0x0000000000000000
XMM[12]=0x0000000000000000 0x0000000000000000
XMM[13]=0x0000000000000000 0x0000000000000000
XMM[14]=0x0000000000000000 0x0000000000000000
XMM[15]=0x0000000000000000 0x0000000000000000
  MXCSR=0x00001fa0


Register to memory mapping:

RAX=0x00007fffe3bc750e zkp_proximity.dll
RBX=0x000000d16e3fbfe8 is pointing into the stack for thread: 0x00000213537129f0
RCX=0x0000002500000003 is an unknown value
RDX=0x00007fffe3bc17ad zkp_proximity.dll
RSP=0x000000d16e3fbec0 is pointing into the stack for thread: 0x00000213537129f0
RBP=0x0000000000000004 is an unknown value
RSI=0x0000000000000001 is an unknown value
RDI=0x00000000e06d7363 is an unknown value
R8 =0x00007fffe5b88d10 jvm.dll
R9 =0x0000002500000003 is an unknown value
R10=0x00007fffe3bbd3ce zkp_proximity.dll
R11=0x0000000000000001 is an unknown value
R12=0x0 is null
R13=0x000002134f668cf0 is pointing into metadata
R14=0x000000d16e3fd200 is pointing into the stack for thread: 0x00000213537129f0
R15=0x00007fffe3cfa800 zkp_proximity.dll

Top of Stack: (sp=0x000000d16e3fbec0)
0x000000d16e3fbec0:   0000000000000000 000000d16e3fbfe8
0x000000d16e3fbed0:   0000000000000001 0000000000000000
0x000000d16e3fbee0:   00000081e06d7363 0000000000000000
0x000000d16e3fbef0:   00007ff8894dab6a 0000000000000004
0x000000d16e3fbf00:   0000000019930520 000000d16e3fc048
0x000000d16e3fbf10:   00007fffe3d3f1e8 00007fffe3bb0000
0x000000d16e3fbf20:   0000000000000000 0000000000000000
0x000000d16e3fbf30:   0000000000000000 0000000000000000
0x000000d16e3fbf40:   0000000000000000 0000000000000000
0x000000d16e3fbf50:   0000000000000000 0000000000000000
0x000000d16e3fbf60:   0000000000000000 0000000000000000
0x000000d16e3fbf70:   0000000000000000 0000000000000056
0x000000d16e3fbf80:   00002dc64b16dd09 000000d16e3fc060
0x000000d16e3fbf90:   00007fffe3d40000 0000000019930520
0x000000d16e3fbfa0:   000000d16e3fc048 000000d16e3fc060
0x000000d16e3fbfb0:   00007fffe3d3f1e8 00007ff867446480
0x000000d16e3fbfc0:   0000000000000000 00007fffe3cde3a2
0x000000d16e3fbfd0:   00007fffe3d3f14b 01007fffe3ce1511
0x000000d16e3fbfe0:   00007fffe3bb0000 0000000019930520
0x000000d16e3fbff0:   000000d16e3fc048 00007fffe3d3f1e8
0x000000d16e3fc000:   00007fffe3bb0000 000000d16e3fd200
0x000000d16e3fc010:   00007fffe3d0fa28 00007fffe3ce4560
0x000000d16e3fc020:   000000d16e3fc090 0000000000000001
0x000000d16e3fc030:   0000000000000001 000000d16e3fc218
0x000000d16e3fc040:   00007fffe3d0f8d0 00007fffe3d3f040
0x000000d16e3fc050:   0000021350747b90 00007fffe3d0f9b0
0x000000d16e3fc060:   000000d16e3fc0f0 00007fffe3ce1815
0x000000d16e3fc070:   000002130a553630 0000000000000044
0x000000d16e3fc080:   0000000000000000 00007fffe5b81100
0x000000d16e3fc090:   00007fffe3cfa800 0000000000000002
0x000000d16e3fc0a0:   0000000000000044 0000000000000002
0x000000d16e3fc0b0:   0000000000000000 0000000000000000 

Instructions: (pc=0x00007ff8894dab6a)
0x00007ff8894daa6a:   00 e8 40 eb fd ff 48 8b cb e8 a8 28 fa ff 48 85
0x00007ff8894daa7a:   f6 74 08 48 8b ce e8 9b 28 fa ff 48 85 ff 74 08
0x00007ff8894daa8a:   48 8b cf e8 8e 28 fa ff 8b 4c 24 40 48 ff 15 7b
0x00007ff8894daa9a:   91 1b 00 0f 1f 44 00 00 90 48 8b 8c 24 a0 02 00
0x00007ff8894daaaa:   00 48 33 cc e8 ad 33 0c 00 4c 8d 9c 24 b0 02 00
0x00007ff8894daaba:   00 49 8b 5b 38 49 8b 73 40 49 8b e3 41 5f 41 5e
0x00007ff8894daaca:   41 5d 41 5c 5f c3 cc cc cc cc cc cc cc cc cc cc
0x00007ff8894daada:   cc cc cc cc cc cc 40 53 55 56 57 48 81 ec d8 00
0x00007ff8894daaea:   00 00 48 8b 05 dd f5 2a 00 48 33 c4 48 89 84 24
0x00007ff8894daafa:   c0 00 00 00 8b f2 41 8b e8 33 d2 8b f9 48 8d 4c
0x00007ff8894dab0a:   24 3c 49 8b d9 44 8d 42 7c e8 e9 47 06 00 33 c9
0x00007ff8894dab1a:   89 7c 24 20 83 e6 01 48 89 4c 24 28 89 74 24 24
0x00007ff8894dab2a:   48 8d 05 af ff ff ff 48 89 44 24 30 48 85 db 74
0x00007ff8894dab3a:   51 41 b8 0f 00 00 00 48 8d 4c 24 40 41 3b e8 48
0x00007ff8894dab4a:   8b d3 44 0f 46 c5 44 89 44 24 38 49 c1 e0 03 e8
0x00007ff8894dab5a:   b9 32 0c 00 48 8d 4c 24 20 48 ff 15 de 97 1b 00
0x00007ff8894dab6a:   0f 1f 44 00 00 48 8b 8c 24 c0 00 00 00 48 33 cc
0x00007ff8894dab7a:   e8 e1 32 0c 00 48 81 c4 d8 00 00 00 5f 5e 5d 5b
0x00007ff8894dab8a:   c3 cc 89 4c 24 38 eb cc cc cc cc cc cc cc cc cc
0x00007ff8894dab9a:   cc cc cc cc cc cc 48 83 ec 28 48 ff 15 35 99 1b
0x00007ff8894dabaa:   00 0f 1f 44 00 00 85 c0 78 0b b8 01 00 00 00 48
0x00007ff8894dabba:   83 c4 28 c3 cc 8b c8 e8 8a 2a f8 ff 33 c0 eb ef
0x00007ff8894dabca:   cc cc cc cc cc cc 48 83 ec 28 4c 8b d9 48 85 c9
0x00007ff8894dabda:   0f 84 8f 00 00 00 b8 55 00 00 00 4c 8d 15 ac f7
0x00007ff8894dabea:   1b 00 4c 8b c9 85 c0 7f 28 66 41 83 39 00 75 07
0x00007ff8894dabfa:   66 41 83 3a 00 74 6e 33 d2 49 8b cb e8 b5 16 f8
0x00007ff8894dac0a:   ff 33 c9 48 85 c0 0f 95 c1 8b c1 48 83 c4 28 c3
0x00007ff8894dac1a:   cc 41 0f b7 11 66 85 d2 74 cf 45 0f b7 02 66 45
0x00007ff8894dac2a:   85 c0 74 d3 8d 4a bf 66 83 f9 19 77 04 66 83 ca
0x00007ff8894dac3a:   20 41 8d 48 bf 66 83 f9 19 76 2e 66 83 fa 5f 75
0x00007ff8894dac4a:   05 ba 2d 00 00 00 66 41 83 f8 5f 75 06 41 b8 2d
0x00007ff8894dac5a:   00 00 00 66 41 3b d0 75 9e ff c8 49 83 c1 02 49 


Stack slot to memory mapping:

stack at sp + 0 slots: 0x0 is null
stack at sp + 1 slots: 0x000000d16e3fbfe8 is pointing into the stack for thread: 0x00000213537129f0
stack at sp + 2 slots: 0x0000000000000001 is an unknown value
stack at sp + 3 slots: 0x0 is null
stack at sp + 4 slots: 0x00000081e06d7363 is an unknown value
stack at sp + 5 slots: 0x0 is null
stack at sp + 6 slots: 0x00007ff8894dab6a KERNELBASE.dll
stack at sp + 7 slots: 0x0000000000000004 is an unknown value


Compiled method (c1) 16425 4704   !   1       jdk.internal.reflect.DirectMethodHandleAccessor::invoke (92 bytes)
 total in heap  [0x0000021300dfb510,0x0000021300dfd410] = 7936
 relocation     [0x0000021300dfb670,0x0000021300dfb888] = 536
 main code      [0x0000021300dfb8a0,0x0000021300dfc390] = 2800
 stub code      [0x0000021300dfc390,0x0000021300dfc4a0] = 272
 oops           [0x0000021300dfc4a0,0x0000021300dfc4b0] = 16
 metadata       [0x0000021300dfc4b0,0x0000021300dfc518] = 104
 scopes data    [0x0000021300dfc518,0x0000021300dfc858] = 832
 scopes pcs     [0x0000021300dfc858,0x0000021300dfcc38] = 992
 dependencies   [0x0000021300dfcc38,0x0000021300dfcc40] = 8
 handler table  [0x0000021300dfcc40,0x0000021300dfd360] = 1824
 nul chk table  [0x0000021300dfd360,0x0000021300dfd410] = 176

[Constant Pool (empty)]

[MachCode]
[Entry Point]
  # {method} {0x000002130b19dee8} 'invoke' '(Ljava/lang/Object;[Ljava/lang/Object;)Ljava/lang/Object;' in 'jdk/internal/reflect/DirectMethodHandleAccessor'
  # this:     rdx:rdx   = 'jdk/internal/reflect/DirectMethodHandleAccessor'
  # parm0:    r8:r8     = 'java/lang/Object'
  # parm1:    r9:r9     = '[Ljava/lang/Object;'
  #           [sp+0x180]  (sp of caller)
  0x0000021300dfb8a0: 448b 5208 | 49bb 0000 | 000b 1302 | 0000 4d03 | d34c 3bd0 

  0x0000021300dfb8b4: ;   {runtime_call ic_miss_stub}
  0x0000021300dfb8b4: 0f85 c62e | 25ff 660f | 1f44 0000 
[Verified Entry Point]
  0x0000021300dfb8c0: 8984 2400 | 80ff ff55 | 4881 ec70 | 0100 0090 | 4181 7f20 | 0900 0000 

  0x0000021300dfb8d8: ;   {runtime_call StubRoutines (final stubs)}
  0x0000021300dfb8d8: 7405 e881 | 9423 ff48 | 8994 24b0 | 0000 004c | 8984 24c0 | 0000 004c | 898c 24b8 | 0000 008b 
  0x0000021300dfb8f8: 7210 81e6 | 0002 0000 | 81fe 0002 | 0000 be00 | 0000 0075 | 05be 0100 | 0000 83e6 | 0185 f60f 
  0x0000021300dfb918: 8547 0000 | 008b 7214 | 48c1 e603 

  0x0000021300dfb924: ; implicit exception: dispatches to 0x0000021300dfc221
  0x0000021300dfb924: 418b 7808 | 49ba 0000 | 000b 1302 | 0000 4903 | fa48 8b7f | 7048 8b3f 

  0x0000021300dfb93c: ; implicit exception: dispatches to 0x0000021300dfc226
  0x0000021300dfb93c: 483b 064c | 8bc7 488b 

  0x0000021300dfb944: ;   {optimized virtual_call}
  0x0000021300dfb944: d666 90e8 

  0x0000021300dfb948: ; ImmutableOopMap {[176]=Oop [184]=Oop [192]=Oop }
                      ;*invokevirtual isAssignableFrom {reexecute=0 rethrow=0 return_oop=0}
                      ; - jdk.internal.reflect.DirectMethodHandleAccessor::checkReceiver@8 (line 196)
                      ; - jdk.internal.reflect.DirectMethodHandleAccessor::invoke@9 (line 99)
  0x0000021300dfb948: 7438 69ff 

  0x0000021300dfb94c: ;   {other}
  0x0000021300dfb94c: 0f1f 8400 | 3c04 0000 | 85c0 0f84 | 9d07 0000 | 488b 9424 | b000 0000 | 448b 420c | 498b d04c 
  0x0000021300dfb96c: 8b84 24b8 | 0000 000f 

  0x0000021300dfb974: ;   {static_call}
  0x0000021300dfb974: 1f40 00e8 

  0x0000021300dfb978: ; ImmutableOopMap {[176]=Oop [184]=Oop [192]=Oop }
                      ;*invokestatic checkArgumentCount {reexecute=0 rethrow=0 return_oop=0}
                      ; - jdk.internal.reflect.DirectMethodHandleAccessor::invoke@17 (line 101)
  0x0000021300dfb978: a45f 94ff 

  0x0000021300dfb97c: ;   {other}
  0x0000021300dfb97c: 0f1f 8400 | 6c04 0001 | 488b 9424 | b000 0000 | 8b72 0c85 | f60f 841a | 0200 0083 | fe01 0f84 
  0x0000021300dfb99c: 9901 0000 | 83fe 020f | 8400 0100 | 0083 fe03 | 0f84 5700 | 0000 8b72 | 1848 c1e6 | 0348 89b4 
  0x0000021300dfb9bc: 24c8 0000 | 008b 7e10 | 48c1 e703 

  0x0000021300dfb9c8: ;   {oop(a 'java/lang/invoke/MethodType'{0x000000070bb60d90} = (Ljava/lang/Object;[Ljava/lang/Object;)Ljava/lang/Object;)}
  0x0000021300dfb9c8: 48bb 900d | b60b 0700 | 0000 483b | fb0f 8534 | 0400 008b | 7e14 48c1 | e703 8b7f | 1c48 c1e7 
  0x0000021300dfb9e8: 0348 85ff | 0f85 2003 | 0000 488b 

  0x0000021300dfb9f4: ;   {static_call}
  0x0000021300dfb9f4: d666 90e8 

  0x0000021300dfb9f8: ; ImmutableOopMap {[176]=Oop [184]=Oop [192]=Oop [200]=Oop }
                      ;*invokestatic maybeCustomize {reexecute=0 rethrow=0 return_oop=0}
                      ; - java.lang.invoke.Invokers::checkCustomized@19 (line 627)
                      ; - java.lang.invoke.Invokers$Holder::invokeExact_MT@14
                      ; - jdk.internal.reflect.DirectMethodHandleAccessor::invokeImpl@104 (line 157)
                      ; - jdk.internal.reflect.DirectMethodHandleAccessor::invoke@23 (line 103)
  0x0000021300dfb9f8: c453 72ff 

  0x0000021300dfb9fc: ;   {other}
  0x0000021300dfb9fc: 0f1f 8400 | ec04 0002 | e909 0300 | 004c 8b8c | 24b8 0000 | 008b 7218 | 48c1 e603 | 4889 b424 
  0x0000021300dfba1c: e800 0000 

  0x0000021300dfba20: ; implicit exception: dispatches to 0x0000021300dfc235
  0x0000021300dfba20: 418b 790c | bb02 0000 | 003b df0f | 8d09 0800 | 0041 8b79 | 1048 c1e7 | 0348 89bc | 24d0 0000 
  0x0000021300dfba40: 0041 8b59 | 1448 c1e3 | 0348 899c | 24d8 0000 | 0041 8b41 | 1848 c1e0 | 0348 8984 | 24e0 0000 
  0x0000021300dfba60: 008b 4e10 | 48c1 e103 

  0x0000021300dfba68: ;   {oop(a 'java/lang/invoke/MethodType'{0x000000070ad94df0} = (Ljava/lang/Object;Ljava/lang/Object;Ljava/lang/Object;Ljava/lang/Object;)Ljava/lang/Object;)}
  0x0000021300dfba68: 49b8 f04d | d90a 0700 | 0000 493b | c80f 8564 | 0300 008b | 4e14 48c1 | e103 8b49 | 1c48 c1e1 
  0x0000021300dfba88: 0348 85c9 | 0f85 3002 | 0000 488b 

  0x0000021300dfba94: ;   {static_call}
  0x0000021300dfba94: d666 90e8 

  0x0000021300dfba98: ; ImmutableOopMap {[176]=Oop [192]=Oop [208]=Oop [216]=Oop [224]=Oop [232]=Oop }
                      ;*invokestatic maybeCustomize {reexecute=0 rethrow=0 return_oop=0}
                      ; - java.lang.invoke.Invokers::checkCustomized@19 (line 627)
                      ; - java.lang.invoke.LambdaForm$MH/0x000002130c003c00::invokeExact_MT@15
                      ; - jdk.internal.reflect.DirectMethodHandleAccessor::invokeImpl@92 (line 156)
                      ; - jdk.internal.reflect.DirectMethodHandleAccessor::invoke@23 (line 103)
  0x0000021300dfba98: 2453 72ff 

  0x0000021300dfba9c: ;   {other}
  0x0000021300dfba9c: 0f1f 8400 | 8c05 0003 | e919 0200 | 004c 8b8c | 24b8 0000 | 008b 7218 | 48c1 e603 | 4889 b424 
  0x0000021300dfbabc: 0001 0000 

  0x0000021300dfbac0: ; implicit exception: dispatches to 0x0000021300dfc249
  0x0000021300dfbac0: 418b 790c | bb01 0000 | 003b df0f | 8d7d 0700 | 0041 8b79 | 1048 c1e7 | 0348 89bc | 24f0 0000 
  0x0000021300dfbae0: 0041 8b59 | 1448 c1e3 | 0348 899c | 24f8 0000 | 008b 4610 | 48c1 e003 

  0x0000021300dfbaf8: ;   {oop(a 'java/lang/invoke/MethodType'{0x000000070ada6cd8} = (Ljava/lang/Object;Ljava/lang/Object;Ljava/lang/Object;)Ljava/lang/Object;)}
  0x0000021300dfbaf8: 48b9 d86c | da0a 0700 | 0000 483b | c10f 85a4 | 0200 008b | 4614 48c1 | e003 8b40 | 1c48 c1e0 
  0x0000021300dfbb18: 0348 85c0 | 0f85 5801 | 0000 488b 

  0x0000021300dfbb24: ;   {static_call}
  0x0000021300dfbb24: d666 90e8 

  0x0000021300dfbb28: ; ImmutableOopMap {[176]=Oop [192]=Oop [240]=Oop [248]=Oop [256]=Oop }
                      ;*invokestatic maybeCustomize {reexecute=0 rethrow=0 return_oop=0}
                      ; - java.lang.invoke.Invokers::checkCustomized@19 (line 627)
                      ; - java.lang.invoke.LambdaForm$MH/0x000002130c003800::invokeExact_MT@15
                      ; - jdk.internal.reflect.DirectMethodHandleAccessor::invokeImpl@72 (line 155)
                      ; - jdk.internal.reflect.DirectMethodHandleAccessor::invoke@23 (line 103)
  0x0000021300dfbb28: 9452 72ff 

  0x0000021300dfbb2c: ;   {other}
  0x0000021300dfbb2c: 0f1f 8400 | 1c06 0004 | e941 0100 | 004c 8b8c | 24b8 0000 | 008b 7218 | 48c1 e603 | 4889 b424 
  0x0000021300dfbb4c: 1001 0000 

  0x0000021300dfbb50: ; implicit exception: dispatches to 0x0000021300dfc25d
  0x0000021300dfbb50: 4183 790c | 000f 860c | 0700 0041 | 8b79 1048 | c1e7 0348 | 89bc 2408 | 0100 008b | 5e10 48c1 
  0x0000021300dfbb70: ;   {oop(a 'java/lang/invoke/MethodType'{0x000000070ada6b08} = (Ljava/lang/Object;Ljava/lang/Object;)Ljava/lang/Object;)}
  0x0000021300dfbb70: e303 48b8 | 086b da0a | 0700 0000 | 483b d80f | 85fa 0100 | 008b 5e14 | 48c1 e303 

  0x0000021300dfbb8c: ; implicit exception: dispatches to 0x0000021300dfc27e
  0x0000021300dfbb8c: 8b5b 1c48 | c1e3 0348 | 85db 0f85 | 9e00 0000 

  0x0000021300dfbb9c: ;   {static_call}
  0x0000021300dfbb9c: 488b d6e8 

  0x0000021300dfbba0: ; ImmutableOopMap {[176]=Oop [192]=Oop [264]=Oop [272]=Oop }
                      ;*invokestatic maybeCustomize {reexecute=0 rethrow=0 return_oop=0}
                      ; - java.lang.invoke.Invokers::checkCustomized@19 (line 627)
                      ; - java.lang.invoke.Invokers$Holder::invokeExact_MT@14
                      ; - jdk.internal.reflect.DirectMethodHandleAccessor::invokeImpl@55 (line 154)
                      ; - jdk.internal.reflect.DirectMethodHandleAccessor::invoke@23 (line 103)
  0x0000021300dfbba0: 1c52 72ff 

  0x0000021300dfbba4: ;   {other}
  0x0000021300dfbba4: 0f1f 8400 | 9406 0005 | e989 0000 | 008b 7218 | 48c1 e603 | 4889 b424 | 1801 0000 

  0x0000021300dfbbc0: ; implicit exception: dispatches to 0x0000021300dfc283
  0x0000021300dfbbc0: 8b7e 1048 

  0x0000021300dfbbc4: ;   {oop(a 'java/lang/invoke/MethodType'{0x000000070ad94c70} = (Ljava/lang/Object;)Ljava/lang/Object;)}
  0x0000021300dfbbc4: c1e7 0348 | bb70 4cd9 | 0a07 0000 | 0048 3bfb | 0f85 7801 | 0000 8b7e | 1448 c1e7 | 038b 7f1c 
  0x0000021300dfbbe4: 48c1 e703 | 4885 ff0f | 8513 0000 | 0048 8bd6 

  0x0000021300dfbbf4: ;   {static_call}
  0x0000021300dfbbf4: 6666 90e8 

  0x0000021300dfbbf8: ; ImmutableOopMap {[176]=Oop [192]=Oop [280]=Oop }
                      ;*invokestatic maybeCustomize {reexecute=0 rethrow=0 return_oop=0}
                      ; - java.lang.invoke.Invokers::checkCustomized@19 (line 627)
                      ; - java.lang.invoke.Invokers$Holder::invokeExact_MT@14
                      ; - jdk.internal.reflect.DirectMethodHandleAccessor::invokeImpl@41 (line 153)
                      ; - jdk.internal.reflect.DirectMethodHandleAccessor::invoke@23 (line 103)
  0x0000021300dfbbf8: c451 72ff 

  0x0000021300dfbbfc: ;   {other}
  0x0000021300dfbbfc: 0f1f 8400 | ec06 0006 | 4c8b 8424 | c000 0000 | 488b 9424 | 1801 0000 

  0x0000021300dfbc14: ;   {optimized virtual_call}
  0x0000021300dfbc14: 6666 90e8 

  0x0000021300dfbc18: ; ImmutableOopMap {[176]=Oop }
                      ;*invokevirtual invokeBasic {reexecute=0 rethrow=0 return_oop=0}
                      ; - java.lang.invoke.Invokers$Holder::invokeExact_MT@19
                      ; - jdk.internal.reflect.DirectMethodHandleAccessor::invokeImpl@41 (line 153)
                      ; - jdk.internal.reflect.DirectMethodHandleAccessor::invoke@23 (line 103)
  0x0000021300dfbc18: e4e9 33ff 

  0x0000021300dfbc1c: ;   {other}
  0x0000021300dfbc1c: 0f1f 8400 | 0c07 0007 | 4881 c470 | 0100 005d 

  0x0000021300dfbc2c: ;   {poll_return}
  0x0000021300dfbc2c: 493b a748 | 0400 000f | 8754 0600 | 00c3 4c8b | 8424 c000 | 0000 4c8b | 8c24 0801 | 0000 488b 
  0x0000021300dfbc4c: 9424 1001 | 0000 0f1f 

  0x0000021300dfbc54: ;   {optimized virtual_call}
  0x0000021300dfbc54: 4400 00e8 

  0x0000021300dfbc58: ; ImmutableOopMap {[176]=Oop }
                      ;*invokevirtual invokeBasic {reexecute=0 rethrow=0 return_oop=0}
                      ; - java.lang.invoke.Invokers$Holder::invokeExact_MT@20
                      ; - jdk.internal.reflect.DirectMethodHandleAccessor::invokeImpl@55 (line 154)
                      ; - jdk.internal.reflect.DirectMethodHandleAccessor::invoke@23 (line 103)
  0x0000021300dfbc58: 2429 69ff 

  0x0000021300dfbc5c: ;   {other}
  0x0000021300dfbc5c: 0f1f 8400 | 4c07 0008 | 4881 c470 | 0100 005d 

  0x0000021300dfbc6c: ;   {poll_return}
  0x0000021300dfbc6c: 493b a748 | 0400 000f | 872a 0600 | 00c3 4c8b | 8424 c000 | 0000 4c8b | 8c24 f000 | 0000 488b 
  0x0000021300dfbc8c: bc24 f800 | 0000 488b | 9424 0001 | 0000 0f1f 

  0x0000021300dfbc9c: ;   {optimized virtual_call}
  0x0000021300dfbc9c: 4400 00e8 

  0x0000021300dfbca0: ; ImmutableOopMap {[176]=Oop }
                      ;*invokevirtual invokeBasic {reexecute=0 rethrow=0 return_oop=0}
                      ; - java.lang.invoke.LambdaForm$MH/0x000002130c003800::invokeExact_MT@22
                      ; - jdk.internal.reflect.DirectMethodHandleAccessor::invokeImpl@72 (line 155)
                      ; - jdk.internal.reflect.DirectMethodHandleAccessor::invoke@23 (line 103)
  0x0000021300dfbca0: 5c80 69ff 

  0x0000021300dfbca4: ;   {other}
  0x0000021300dfbca4: 0f1f 8400 | 9407 0009 | 4881 c470 | 0100 005d 

  0x0000021300dfbcb4: ;   {poll_return}
  0x0000021300dfbcb4: 493b a748 | 0400 000f | 87f8 0500 | 00c3 4c8b | 8424 c000 | 0000 4c8b | 8c24 d000 | 0000 488b 
  0x0000021300dfbcd4: bc24 d800 | 0000 488b | b424 e000 | 0000 488b | 9424 e800 | 0000 0f1f 

  0x0000021300dfbcec: ;   {optimized virtual_call}
  0x0000021300dfbcec: 4400 00e8 

  0x0000021300dfbcf0: ; ImmutableOopMap {[176]=Oop }
                      ;*invokevirtual invokeBasic {reexecute=0 rethrow=0 return_oop=0}
                      ; - java.lang.invoke.LambdaForm$MH/0x000002130c003c00::invokeExact_MT@24
                      ; - jdk.internal.reflect.DirectMethodHandleAccessor::invokeImpl@92 (line 156)
                      ; - jdk.internal.reflect.DirectMethodHandleAccessor::invoke@23 (line 103)
  0x0000021300dfbcf0: 8c38 69ff 

  0x0000021300dfbcf4: ;   {other}
  0x0000021300dfbcf4: 0f1f 8400 | e407 000a | 4881 c470 | 0100 005d 

  0x0000021300dfbd04: ;   {poll_return}
  0x0000021300dfbd04: 493b a748 | 0400 000f | 87be 0500 | 00c3 4c8b | 8c24 b800 | 0000 4c8b | 8424 c000 | 0000 488b 
  0x0000021300dfbd24: 9424 c800 | 0000 0f1f 

  0x0000021300dfbd2c: ;   {optimized virtual_call}
  0x0000021300dfbd2c: 4400 00e8 

  0x0000021300dfbd30: ; ImmutableOopMap {[176]=Oop }
                      ;*invokevirtual invokeBasic {reexecute=0 rethrow=0 return_oop=0}
                      ; - java.lang.invoke.Invokers$Holder::invokeExact_MT@20
                      ; - jdk.internal.reflect.DirectMethodHandleAccessor::invokeImpl@104 (line 157)
                      ; - jdk.internal.reflect.DirectMethodHandleAccessor::invoke@23 (line 103)
  0x0000021300dfbd30: 4c28 69ff 

  0x0000021300dfbd34: ;   {other}
  0x0000021300dfbd34: 0f1f 8400 | 2408 000b | 4881 c470 | 0100 005d 

  0x0000021300dfbd44: ;   {poll_return}
  0x0000021300dfbd44: 493b a748 | 0400 000f | 8794 0500 

  0x0000021300dfbd50: ;   {oop(a 'java/lang/invoke/MethodType'{0x000000070ad94c70} = (Ljava/lang/Object;)Ljava/lang/Object;)}
  0x0000021300dfbd50: 00c3 49b8 | 704c d90a | 0700 0000 

  0x0000021300dfbd5c: ;   {static_call}
  0x0000021300dfbd5c: 488b d7e8 

  0x0000021300dfbd60: ; ImmutableOopMap {[176]=Oop [192]=Oop [280]=Oop }
                      ;*invokestatic newWrongMethodTypeException {reexecute=0 rethrow=0 return_oop=0}
                      ; - java.lang.invoke.Invokers::checkExactType@12 (line 531)
                      ; - java.lang.invoke.Invokers$Holder::invokeExact_MT@10
                      ; - jdk.internal.reflect.DirectMethodHandleAccessor::invokeImpl@41 (line 153)
                      ; - jdk.internal.reflect.DirectMethodHandleAccessor::invoke@23 (line 103)
  0x0000021300dfbd60: 1c33 25ff 

  0x0000021300dfbd64: ;   {other}
  0x0000021300dfbd64: 0f1f 8400 | 5408 000c 

  0x0000021300dfbd6c: ; implicit exception: dispatches to 0x0000021300dfc2fb
                      ; ImmutableOopMap {rax=Oop [176]=Oop [192]=Oop [280]=Oop }
                      ;*athrow {reexecute=1 rethrow=0 return_oop=0}
                      ; - (reexecute) java.lang.invoke.Invokers::checkExactType@15 (line 531)
                      ; - java.lang.invoke.Invokers$Holder::invokeExact_MT@10
                      ; - jdk.internal.reflect.DirectMethodHandleAccessor::invokeImpl@41 (line 153)
                      ; - jdk.internal.reflect.DirectMethodHandleAccessor::invoke@23 (line 103)
                      ;   {section_word}
  0x0000021300dfbd6c: 483b 0048 | ba6f bddf | 0013 0200 

  0x0000021300dfbd78: ;   {runtime_call handle_exception_nofpu Runtime1 stub}
  0x0000021300dfbd78: 00e8 8288 

  0x0000021300dfbd7c: ;   {oop(a 'java/lang/invoke/MethodType'{0x000000070ada6b08} = (Ljava/lang/Object;Ljava/lang/Object;)Ljava/lang/Object;)}
  0x0000021300dfbd7c: 30ff 9049 | b808 6bda | 0a07 0000 | 0048 8bd3 

  0x0000021300dfbd8c: ;   {static_call}
  0x0000021300dfbd8c: 6666 90e8 

  0x0000021300dfbd90: ; ImmutableOopMap {[176]=Oop [192]=Oop [264]=Oop [272]=Oop }
                      ;*invokestatic newWrongMethodTypeException {reexecute=0 rethrow=0 return_oop=0}
                      ; - java.lang.invoke.Invokers::checkExactType@12 (line 531)
                      ; - java.lang.invoke.Invokers$Holder::invokeExact_MT@10
                      ; - jdk.internal.reflect.DirectMethodHandleAccessor::invokeImpl@55 (line 154)
                      ; - jdk.internal.reflect.DirectMethodHandleAccessor::invoke@23 (line 103)
  0x0000021300dfbd90: ec32 25ff 

  0x0000021300dfbd94: ;   {other}
  0x0000021300dfbd94: 0f1f 8400 | 8408 000e 

  0x0000021300dfbd9c: ; implicit exception: dispatches to 0x0000021300dfc300
                      ; ImmutableOopMap {rax=Oop [176]=Oop [192]=Oop [264]=Oop [272]=Oop }
                      ;*athrow {reexecute=1 rethrow=0 return_oop=0}
                      ; - (reexecute) java.lang.invoke.Invokers::checkExactType@15 (line 531)
                      ; - java.lang.invoke.Invokers$Holder::invokeExact_MT@10
                      ; - jdk.internal.reflect.DirectMethodHandleAccessor::invokeImpl@55 (line 154)
                      ; - jdk.internal.reflect.DirectMethodHandleAccessor::invoke@23 (line 103)
                      ;   {section_word}
  0x0000021300dfbd9c: 483b 0048 | ba9f bddf | 0013 0200 

  0x0000021300dfbda8: ;   {runtime_call handle_exception_nofpu Runtime1 stub}
  0x0000021300dfbda8: 00e8 5288 

  0x0000021300dfbdac: ;   {oop(a 'java/lang/invoke/MethodType'{0x000000070ada6cd8} = (Ljava/lang/Object;Ljava/lang/Object;Ljava/lang/Object;)Ljava/lang/Object;)}
  0x0000021300dfbdac: 30ff 9049 | b8d8 6cda | 0a07 0000 | 0048 8bd0 

  0x0000021300dfbdbc: ;   {static_call}
  0x0000021300dfbdbc: 6666 90e8 

  0x0000021300dfbdc0: ; ImmutableOopMap {[176]=Oop [192]=Oop [240]=Oop [248]=Oop [256]=Oop }
                      ;*invokestatic newWrongMethodTypeException {reexecute=0 rethrow=0 return_oop=0}
                      ; - java.lang.invoke.Invokers::checkExactType@12 (line 531)
                      ; - java.lang.invoke.LambdaForm$MH/0x000002130c003800::invokeExact_MT@11
                      ; - jdk.internal.reflect.DirectMethodHandleAccessor::invokeImpl@72 (line 155)
                      ; - jdk.internal.reflect.DirectMethodHandleAccessor::invoke@23 (line 103)
  0x0000021300dfbdc0: bc32 25ff 

  0x0000021300dfbdc4: ;   {other}
  0x0000021300dfbdc4: 0f1f 8400 | b408 0010 

  0x0000021300dfbdcc: ; implicit exception: dispatches to 0x0000021300dfc305
                      ; ImmutableOopMap {rax=Oop [176]=Oop [192]=Oop [240]=Oop [248]=Oop [256]=Oop }
                      ;*athrow {reexecute=1 rethrow=0 return_oop=0}
                      ; - (reexecute) java.lang.invoke.Invokers::checkExactType@15 (line 531)
                      ; - java.lang.invoke.LambdaForm$MH/0x000002130c003800::invokeExact_MT@11
                      ; - jdk.internal.reflect.DirectMethodHandleAccessor::invokeImpl@72 (line 155)
                      ; - jdk.internal.reflect.DirectMethodHandleAccessor::invoke@23 (line 103)
                      ;   {section_word}
  0x0000021300dfbdcc: 483b 0048 | bacf bddf | 0013 0200 

  0x0000021300dfbdd8: ;   {runtime_call handle_exception_nofpu Runtime1 stub}
  0x0000021300dfbdd8: 00e8 2288 

  0x0000021300dfbddc: ;   {oop(a 'java/lang/invoke/MethodType'{0x000000070ad94df0} = (Ljava/lang/Object;Ljava/lang/Object;Ljava/lang/Object;Ljava/lang/Object;)Ljava/lang/Object;)}
  0x0000021300dfbddc: 30ff 9049 | b8f0 4dd9 | 0a07 0000 | 0048 8bd1 

  0x0000021300dfbdec: ;   {static_call}
  0x0000021300dfbdec: 6666 90e8 

  0x0000021300dfbdf0: ; ImmutableOopMap {[176]=Oop [192]=Oop [208]=Oop [216]=Oop [224]=Oop [232]=Oop }
                      ;*invokestatic newWrongMethodTypeException {reexecute=0 rethrow=0 return_oop=0}
                      ; - java.lang.invoke.Invokers::checkExactType@12 (line 531)
                      ; - java.lang.invoke.LambdaForm$MH/0x000002130c003c00::invokeExact_MT@11
                      ; - jdk.internal.reflect.DirectMethodHandleAccessor::invokeImpl@92 (line 156)
                      ; - jdk.internal.reflect.DirectMethodHandleAccessor::invoke@23 (line 103)
  0x0000021300dfbdf0: 8c32 25ff 

  0x0000021300dfbdf4: ;   {other}
  0x0000021300dfbdf4: 0f1f 8400 | e408 0012 

  0x0000021300dfbdfc: ; implicit exception: dispatches to 0x0000021300dfc30a
                      ; ImmutableOopMap {rax=Oop [176]=Oop [192]=Oop [208]=Oop [216]=Oop [224]=Oop [232]=Oop }
                      ;*athrow {reexecute=1 rethrow=0 return_oop=0}
                      ; - (reexecute) java.lang.invoke.Invokers::checkExactType@15 (line 531)
                      ; - java.lang.invoke.LambdaForm$MH/0x000002130c003c00::invokeExact_MT@11
                      ; - jdk.internal.reflect.DirectMethodHandleAccessor::invokeImpl@92 (line 156)
                      ; - jdk.internal.reflect.DirectMethodHandleAccessor::invoke@23 (line 103)
                      ;   {section_word}
  0x0000021300dfbdfc: 483b 0048 | baff bddf | 0013 0200 

  0x0000021300dfbe08: ;   {runtime_call handle_exception_nofpu Runtime1 stub}
  0x0000021300dfbe08: 00e8 f287 

  0x0000021300dfbe0c: ;   {oop(a 'java/lang/invoke/MethodType'{0x000000070bb60d90} = (Ljava/lang/Object;[Ljava/lang/Object;)Ljava/lang/Object;)}
  0x0000021300dfbe0c: 30ff 9049 | b890 0db6 | 0b07 0000 | 0048 8bd7 

  0x0000021300dfbe1c: ;   {static_call}
  0x0000021300dfbe1c: 6666 90e8 

  0x0000021300dfbe20: ; ImmutableOopMap {[176]=Oop [184]=Oop [192]=Oop [200]=Oop }
                      ;*invokestatic newWrongMethodTypeException {reexecute=0 rethrow=0 return_oop=0}
                      ; - java.lang.invoke.Invokers::checkExactType@12 (line 531)
                      ; - java.lang.invoke.Invokers$Holder::invokeExact_MT@10
                      ; - jdk.internal.reflect.DirectMethodHandleAccessor::invokeImpl@104 (line 157)
                      ; - jdk.internal.reflect.DirectMethodHandleAccessor::invoke@23 (line 103)
  0x0000021300dfbe20: 5c32 25ff 

  0x0000021300dfbe24: ;   {other}
  0x0000021300dfbe24: 0f1f 8400 | 1409 0014 

  0x0000021300dfbe2c: ; implicit exception: dispatches to 0x0000021300dfc30f
                      ; ImmutableOopMap {rax=Oop [176]=Oop [184]=Oop [192]=Oop [200]=Oop }
                      ;*athrow {reexecute=1 rethrow=0 return_oop=0}
                      ; - (reexecute) java.lang.invoke.Invokers::checkExactType@15 (line 531)
                      ; - java.lang.invoke.Invokers$Holder::invokeExact_MT@10
                      ; - jdk.internal.reflect.DirectMethodHandleAccessor::invokeImpl@104 (line 157)
                      ; - jdk.internal.reflect.DirectMethodHandleAccessor::invoke@23 (line 103)
                      ;   {section_word}
  0x0000021300dfbe2c: 483b 0048 | ba2f bedf | 0013 0200 

  0x0000021300dfbe38: ;   {runtime_call handle_exception_nofpu Runtime1 stub}
  0x0000021300dfbe38: 00e8 c287 | 30ff 9049 | 8b87 f804 | 0000 4d33 | d24d 8997 | f804 0000 | 4d33 d24d | 8997 0005 
  0x0000021300dfbe58: ;   {oop(a 'java/lang/Class'{0x000000070ad104c8} = 'jdk/internal/reflect/DirectMethodHandleAccessor')}
  0x0000021300dfbe58: 0000 48ba | c804 d10a | 0700 0000 | 4c8b c048 | 8984 2420 

  0x0000021300dfbe6c: ;   {static_call}
  0x0000021300dfbe6c: 0100 00e8 

  0x0000021300dfbe70: ; ImmutableOopMap {[288]=Oop }
                      ;*invokestatic isIllegalArgument {reexecute=0 rethrow=0 return_oop=0}
                      ; - jdk.internal.reflect.DirectMethodHandleAccessor::isIllegalArgument@3 (line 191)
                      ; - jdk.internal.reflect.DirectMethodHandleAccessor::invoke@58 (line 112)
  0x0000021300dfbe70: 0c32 25ff 

  0x0000021300dfbe74: ;   {other}
  0x0000021300dfbe74: 0f1f 8400 | 6409 0016 | 83e0 0185 | c00f 84ea | 0100 00e9 | 5d01 0000 | 498b 87f8 | 0400 004d 
  0x0000021300dfbe94: 33d2 4d89 | 97f8 0400 | 004d 33d2 | 4d89 9700 

  0x0000021300dfbea4: ;   {oop(a 'java/lang/Class'{0x000000070ad104c8} = 'jdk/internal/reflect/DirectMethodHandleAccessor')}
  0x0000021300dfbea4: 0500 0048 | bac8 04d1 | 0a07 0000 | 004c 8bc0 | 4889 8424 | 2801 0000 

  0x0000021300dfbebc: ;   {static_call}
  0x0000021300dfbebc: 6666 90e8 

  0x0000021300dfbec0: ; ImmutableOopMap {[296]=Oop }
                      ;*invokestatic isIllegalArgument {reexecute=0 rethrow=0 return_oop=0}
                      ; - jdk.internal.reflect.DirectMethodHandleAccessor::isIllegalArgument@3 (line 191)
                      ; - jdk.internal.reflect.DirectMethodHandleAccessor::invoke@30 (line 105)
  0x0000021300dfbec0: bc31 25ff 

  0x0000021300dfbec4: ;   {other}
  0x0000021300dfbec4: 0f1f 8400 | b409 0017 | 83e0 0185 | c00f 848a 

  0x0000021300dfbed4: ;   {metadata('java/lang/IllegalArgumentException')}
  0x0000021300dfbed4: 0000 0048 | ba00 ba06 | 0b13 0200 | 0049 8b87 | b801 0000 | 488d 7828 | 493b bfc8 | 0100 000f 
  0x0000021300dfbef4: 871b 0400 | 0049 89bf | b801 0000 | 48c7 0001 | 0000 0048 | 8bca 49ba | 0000 000b | 1302 0000 
  0x0000021300dfbf14: 492b ca89 | 4808 4833 | c989 480c | 4833 c948 | 8948 1048 | 8948 1848 

  0x0000021300dfbf2c: ;   {oop("argument type mismatch"{0x000000070adef0e0})}
  0x0000021300dfbf2c: 8948 2049 | b8e0 f0de | 0a07 0000 | 0048 8bd0 | 4889 8424 | 3001 0000 

  0x0000021300dfbf44: ;   {optimized virtual_call}
  0x0000021300dfbf44: 6666 90e8 

  0x0000021300dfbf48: ; ImmutableOopMap {[304]=Oop }
                      ;*invokespecial <init> {reexecute=0 rethrow=0 return_oop=0}
                      ; - jdk.internal.reflect.DirectMethodHandleAccessor::invoke@42 (line 107)
  0x0000021300dfbf48: 342b 25ff 

  0x0000021300dfbf4c: ;   {other}
  0x0000021300dfbf4c: 0f1f 8400 | 3c0a 0018 | 488b 8424 | 3001 0000 | e91e 0400 | 004c 8b84 | 2428 0100 

  0x0000021300dfbf68: ;   {metadata('java/lang/reflect/InvocationTargetException')}
  0x0000021300dfbf68: 0048 baa8 | bb04 0c13 | 0200 0049 | 8b87 b801 | 0000 488d | 7828 493b | bfc8 0100 | 000f 8796 
  0x0000021300dfbf88: 0300 0049 | 89bf b801 | 0000 48c7 | 0001 0000 | 0048 8bca | 49ba 0000 | 000b 1302 | 0000 492b 
  0x0000021300dfbfa8: ca89 4808 | 4833 c989 | 480c 4833 | c948 8948 | 1048 8948 | 1848 8948 | 2048 8bd0 | 4889 8424 
  0x0000021300dfbfc8: 3801 0000 

  0x0000021300dfbfcc: ;   {optimized virtual_call}
  0x0000021300dfbfcc: 6666 90e8 

  0x0000021300dfbfd0: ; ImmutableOopMap {[312]=Oop }
                      ;*invokespecial <init> {reexecute=0 rethrow=0 return_oop=0}
                      ; - jdk.internal.reflect.DirectMethodHandleAccessor::invoke@51 (line 109)
  0x0000021300dfbfd0: ac2a 25ff 

  0x0000021300dfbfd4: ;   {other}
  0x0000021300dfbfd4: 0f1f 8400 | c40a 0019 | 488b 8424 | 3801 0000 | e996 0300 

  0x0000021300dfbfe8: ;   {metadata('java/lang/IllegalArgumentException')}
  0x0000021300dfbfe8: 0048 ba00 | ba06 0b13 | 0200 0049 | 8b87 b801 | 0000 488d | 7828 493b | bfc8 0100 | 000f 8723 
  0x0000021300dfc008: 0300 0049 | 89bf b801 | 0000 48c7 | 0001 0000 | 0048 8bca | 49ba 0000 | 000b 1302 | 0000 492b 
  0x0000021300dfc028: ca89 4808 | 4833 c989 | 480c 4833 | c948 8948 | 1048 8948 | 1848 8948 | 204c 8b84 | 2420 0100 
  0x0000021300dfc048: 0048 8bd0 | 4889 8424 | 4001 0000 

  0x0000021300dfc054: ;   {optimized virtual_call}
  0x0000021300dfc054: 6666 90e8 

  0x0000021300dfc058: ; ImmutableOopMap {[320]=Oop }
                      ;*invokespecial <init> {reexecute=0 rethrow=0 return_oop=0}
                      ; - jdk.internal.reflect.DirectMethodHandleAccessor::invoke@69 (line 113)
  0x0000021300dfc058: 242a 25ff 

  0x0000021300dfc05c: ;   {other}
  0x0000021300dfc05c: 0f1f 8400 | 4c0b 001a | 488b 8424 | 4001 0000 | e90e 0300 | 004c 8b84 | 2420 0100 

  0x0000021300dfc078: ;   {metadata('java/lang/reflect/InvocationTargetException')}
  0x0000021300dfc078: 0048 baa8 | bb04 0c13 | 0200 0049 | 8b87 b801 | 0000 488d | 7828 493b | bfc8 0100 | 000f 87a0 
  0x0000021300dfc098: 0200 0049 | 89bf b801 | 0000 48c7 | 0001 0000 | 0048 8bca | 49ba 0000 | 000b 1302 | 0000 492b 
  0x0000021300dfc0b8: ca89 4808 | 4833 c989 | 480c 4833 | c948 8948 | 1048 8948 | 1848 8948 | 2048 8bd0 | 4889 8424 
  0x0000021300dfc0d8: 4801 0000 

  0x0000021300dfc0dc: ;   {optimized virtual_call}
  0x0000021300dfc0dc: 6666 90e8 

  0x0000021300dfc0e0: ; ImmutableOopMap {[328]=Oop }
                      ;*invokespecial <init> {reexecute=0 rethrow=0 return_oop=0}
                      ; - jdk.internal.reflect.DirectMethodHandleAccessor::invoke@78 (line 115)
  0x0000021300dfc0e0: 9c29 25ff 

  0x0000021300dfc0e4: ;   {other}
  0x0000021300dfc0e4: 0f1f 8400 | d40b 001b | 488b 8424 | 4801 0000 | e986 0200 

  0x0000021300dfc0f8: ;   {metadata('java/lang/IllegalArgumentException')}
  0x0000021300dfc0f8: 0048 ba00 | ba06 0b13 | 0200 0049 | 8b87 b801 | 0000 488d | 7828 493b | bfc8 0100 | 000f 872d 
  0x0000021300dfc118: 0200 0049 | 89bf b801 | 0000 48c7 | 0001 0000 | 0048 8bca | 49ba 0000 | 000b 1302 | 0000 492b 
  0x0000021300dfc138: ca89 4808 | 4833 c989 | 480c 4833 | c948 8948 | 1048 8948 | 1848 8948 

  0x0000021300dfc150: ;   {oop("object is not an instance of declaring class"{0x000000070c157380})}
  0x0000021300dfc150: 2049 b880 | 7315 0c07 | 0000 0048 | 8bd0 4889 | 8424 5001 

  0x0000021300dfc164: ;   {optimized virtual_call}
  0x0000021300dfc164: 0000 90e8 

  0x0000021300dfc168: ; ImmutableOopMap {[176]=Oop [184]=Oop [192]=Oop [336]=Oop }
                      ;*invokespecial <init> {reexecute=0 rethrow=0 return_oop=0}
                      ; - jdk.internal.reflect.DirectMethodHandleAccessor::checkReceiver@20 (line 197)
                      ; - jdk.internal.reflect.DirectMethodHandleAccessor::invoke@9 (line 99)
  0x0000021300dfc168: 1429 25ff 

  0x0000021300dfc16c: ;   {other}
  0x0000021300dfc16c: 0f1f 8400 | 5c0c 001c | 488b 8424 | 5001 0000 | e9fe 0100 | 0049 8b87 | f804 0000 | 4d33 d24d 
  0x0000021300dfc18c: 8997 f804 | 0000 4d33 | d24d 8997 | 0005 0000 

  0x0000021300dfc19c: ;   {metadata('java/lang/reflect/InvocationTargetException')}
  0x0000021300dfc19c: 4c8b c048 | baa8 bb04 | 0c13 0200 | 0049 8b87 | b801 0000 | 488d 7828 | 493b bfc8 | 0100 000f 
  0x0000021300dfc1bc: 8794 0100 | 0049 89bf | b801 0000 | 48c7 0001 | 0000 0048 | 8bca 49ba | 0000 000b | 1302 0000 
  0x0000021300dfc1dc: 492b ca89 | 4808 4833 | c989 480c | 4833 c948 | 8948 1048 | 8948 1848 | 8948 2048 | 8bd0 4889 
  0x0000021300dfc1fc: 8424 5801 | 0000 0f1f 

  0x0000021300dfc204: ;   {optimized virtual_call}
  0x0000021300dfc204: 4400 00e8 

  0x0000021300dfc208: ; ImmutableOopMap {[344]=Oop }
                      ;*invokespecial <init> {reexecute=0 rethrow=0 return_oop=0}
                      ; - jdk.internal.reflect.DirectMethodHandleAccessor::invoke@88 (line 118)
  0x0000021300dfc208: 2f02 0000 

  0x0000021300dfc20c: ;   {other}
  0x0000021300dfc20c: 0f1f 8400 | fc0c 001d | 488b 8424 | 5801 0000 | e95e 0100 

  0x0000021300dfc220: ;   {runtime_call throw_null_pointer_exception Runtime1 stub}
  0x0000021300dfc220: 00e8 da58 

  0x0000021300dfc224: ; ImmutableOopMap {rdx=Oop r8=Oop rsi=Oop [176]=Oop [184]=Oop [192]=Oop }
                      ;*invokevirtual getClass {reexecute=0 rethrow=0 return_oop=0}
                      ; - jdk.internal.reflect.DirectMethodHandleAccessor::checkReceiver@5 (line 196)
                      ; - jdk.internal.reflect.DirectMethodHandleAccessor::invoke@9 (line 99)
                      ;   {runtime_call throw_null_pointer_exception Runtime1 stub}
  0x0000021300dfc224: 30ff e8d5 

  0x0000021300dfc228: ; ImmutableOopMap {rdx=Oop r8=Oop rsi=Oop rdi=Oop [176]=Oop [184]=Oop [192]=Oop }
                      ;*invokevirtual isAssignableFrom {reexecute=0 rethrow=0 return_oop=0}
                      ; - jdk.internal.reflect.DirectMethodHandleAccessor::checkReceiver@8 (line 196)
                      ; - jdk.internal.reflect.DirectMethodHandleAccessor::invoke@9 (line 99)
                      ;   {runtime_call throw_null_pointer_exception Runtime1 stub}
  0x0000021300dfc228: 5830 ffe8 

  0x0000021300dfc22c: ; ImmutableOopMap {rdx=Oop rsi=Oop [176]=Oop [184]=Oop [192]=Oop [200]=Oop }
                      ;*invokevirtual type {reexecute=0 rethrow=0 return_oop=0}
                      ; - java.lang.invoke.Invokers::checkExactType@1 (line 529)
                      ; - java.lang.invoke.Invokers$Holder::invokeExact_MT@10
                      ; - jdk.internal.reflect.DirectMethodHandleAccessor::invokeImpl@104 (line 157)
                      ; - jdk.internal.reflect.DirectMethodHandleAccessor::invoke@23 (line 103)
  0x0000021300dfc22c: d058 30ff 

  0x0000021300dfc230: ;   {runtime_call throw_null_pointer_exception Runtime1 stub}
  0x0000021300dfc230: e8cb 5830 

  0x0000021300dfc234: ; ImmutableOopMap {rdx=Oop rsi=Oop [176]=Oop [184]=Oop [192]=Oop [200]=Oop }
                      ;*getfield customized {reexecute=1 rethrow=0 return_oop=0}
                      ; - (reexecute) java.lang.invoke.Invokers::checkCustomized@12 (line 626)
                      ; - java.lang.invoke.Invokers$Holder::invokeExact_MT@14
                      ; - jdk.internal.reflect.DirectMethodHandleAccessor::invokeImpl@104 (line 157)
                      ; - jdk.internal.reflect.DirectMethodHandleAccessor::invoke@23 (line 103)
                      ;   {runtime_call predicate_failed_trap Runtime1 stub}
  0x0000021300dfc234: ffe8 46c4 

  0x0000021300dfc238: ; ImmutableOopMap {rdx=Oop r9=Oop rsi=Oop [176]=Oop [184]=Oop [192]=Oop [232]=Oop }
                      ;*aaload {reexecute=0 rethrow=0 return_oop=0}
                      ; - jdk.internal.reflect.DirectMethodHandleAccessor::invokeImpl@85 (line 156)
                      ; - jdk.internal.reflect.DirectMethodHandleAccessor::invoke@23 (line 103)
                      ;   {runtime_call predicate_failed_trap Runtime1 stub}
  0x0000021300dfc238: 30ff e841 

  0x0000021300dfc23c: ; ImmutableOopMap {rdx=Oop r9=Oop rsi=Oop [176]=Oop [184]=Oop [192]=Oop [232]=Oop }
                      ;*aaload {reexecute=0 rethrow=0 return_oop=0}
                      ; - jdk.internal.reflect.DirectMethodHandleAccessor::invokeImpl@85 (line 156)
                      ; - jdk.internal.reflect.DirectMethodHandleAccessor::invoke@23 (line 103)
                      ;   {runtime_call throw_null_pointer_exception Runtime1 stub}
  0x0000021300dfc23c: c430 ffe8 

  0x0000021300dfc240: ; ImmutableOopMap {rdx=Oop rsi=Oop rdi=Oop rbx=Oop rax=Oop [176]=Oop [192]=Oop [208]=Oop [216]=Oop [224]=Oop [232]=Oop }
                      ;*invokevirtual type {reexecute=0 rethrow=0 return_oop=0}
                      ; - java.lang.invoke.Invokers::checkExactType@1 (line 529)
                      ; - java.lang.invoke.LambdaForm$MH/0x000002130c003c00::invokeExact_MT@11
                      ; - jdk.internal.reflect.DirectMethodHandleAccessor::invokeImpl@92 (line 156)
                      ; - jdk.internal.reflect.DirectMethodHandleAccessor::invoke@23 (line 103)
  0x0000021300dfc240: bc58 30ff 

  0x0000021300dfc244: ;   {runtime_call throw_null_pointer_exception Runtime1 stub}
  0x0000021300dfc244: e8b7 5830 

  0x0000021300dfc248: ; ImmutableOopMap {rdx=Oop rsi=Oop rdi=Oop rbx=Oop rax=Oop [176]=Oop [192]=Oop [208]=Oop [216]=Oop [224]=Oop [232]=Oop }
                      ;*getfield customized {reexecute=1 rethrow=0 return_oop=0}
                      ; - (reexecute) java.lang.invoke.Invokers::checkCustomized@12 (line 626)
                      ; - java.lang.invoke.LambdaForm$MH/0x000002130c003c00::invokeExact_MT@15
                      ; - jdk.internal.reflect.DirectMethodHandleAccessor::invokeImpl@92 (line 156)
                      ; - jdk.internal.reflect.DirectMethodHandleAccessor::invoke@23 (line 103)
                      ;   {runtime_call predicate_failed_trap Runtime1 stub}
  0x0000021300dfc248: ffe8 32c4 

  0x0000021300dfc24c: ; ImmutableOopMap {rdx=Oop r9=Oop rsi=Oop [176]=Oop [184]=Oop [192]=Oop [256]=Oop }
                      ;*aaload {reexecute=0 rethrow=0 return_oop=0}
                      ; - jdk.internal.reflect.DirectMethodHandleAccessor::invokeImpl@68 (line 155)
                      ; - jdk.internal.reflect.DirectMethodHandleAccessor::invoke@23 (line 103)
                      ;   {runtime_call predicate_failed_trap Runtime1 stub}
  0x0000021300dfc24c: 30ff e82d 

  0x0000021300dfc250: ; ImmutableOopMap {rdx=Oop r9=Oop rsi=Oop [176]=Oop [184]=Oop [192]=Oop [256]=Oop }
                      ;*aaload {reexecute=0 rethrow=0 return_oop=0}
                      ; - jdk.internal.reflect.DirectMethodHandleAccessor::invokeImpl@68 (line 155)
                      ; - jdk.internal.reflect.DirectMethodHandleAccessor::invoke@23 (line 103)
                      ;   {runtime_call throw_null_pointer_exception Runtime1 stub}
  0x0000021300dfc250: c430 ffe8 

  0x0000021300dfc254: ; ImmutableOopMap {rdx=Oop rsi=Oop rdi=Oop rbx=Oop [176]=Oop [192]=Oop [240]=Oop [248]=Oop [256]=Oop }
                      ;*invokevirtual type {reexecute=0 rethrow=0 return_oop=0}
                      ; - java.lang.invoke.Invokers::checkExactType@1 (line 529)
                      ; - java.lang.invoke.LambdaForm$MH/0x000002130c003800::invokeExact_MT@11
                      ; - jdk.internal.reflect.DirectMethodHandleAccessor::invokeImpl@72 (line 155)
                      ; - jdk.internal.reflect.DirectMethodHandleAccessor::invoke@23 (line 103)
  0x0000021300dfc254: a858 30ff 

  0x0000021300dfc258: ;   {runtime_call throw_null_pointer_exception Runtime1 stub}
  0x0000021300dfc258: e8a3 5830 

  0x0000021300dfc25c: ; ImmutableOopMap {rdx=Oop rsi=Oop rdi=Oop rbx=Oop [176]=Oop [192]=Oop [240]=Oop [248]=Oop [256]=Oop }
                      ;*getfield customized {reexecute=1 rethrow=0 return_oop=0}
                      ; - (reexecute) java.lang.invoke.Invokers::checkCustomized@12 (line 626)
                      ; - java.lang.invoke.LambdaForm$MH/0x000002130c003800::invokeExact_MT@15
                      ; - jdk.internal.reflect.DirectMethodHandleAccessor::invokeImpl@72 (line 155)
                      ; - jdk.internal.reflect.DirectMethodHandleAccessor::invoke@23 (line 103)
                      ;   {runtime_call throw_null_pointer_exception Runtime1 stub}
  0x0000021300dfc25c: ffe8 9e58 

  0x0000021300dfc260: ; ImmutableOopMap {rdx=Oop r9=Oop rsi=Oop [176]=Oop [184]=Oop [192]=Oop [272]=Oop }
                      ;*aaload {reexecute=0 rethrow=0 return_oop=0}
                      ; - jdk.internal.reflect.DirectMethodHandleAccessor::invokeImpl@54 (line 154)
                      ; - jdk.internal.reflect.DirectMethodHandleAccessor::invoke@23 (line 103)
                      ;   {runtime_call throw_null_pointer_exception Runtime1 stub}
  0x0000021300dfc260: 30ff e899 

  0x0000021300dfc264: ; ImmutableOopMap {rdx=Oop r9=Oop rsi=Oop [176]=Oop [184]=Oop [192]=Oop [272]=Oop }
                      ;*aaload {reexecute=0 rethrow=0 return_oop=0}
                      ; - jdk.internal.reflect.DirectMethodHandleAccessor::invokeImpl@54 (line 154)
                      ; - jdk.internal.reflect.DirectMethodHandleAccessor::invoke@23 (line 103)
  0x0000021300dfc264: 5830 ff48 | c704 2400 | 0000 004c | 894c 2408 

  0x0000021300dfc274: ;   {runtime_call throw_range_check_failed Runtime1 stub}
  0x0000021300dfc274: e807 4b30 

  0x0000021300dfc278: ; ImmutableOopMap {rdx=Oop r9=Oop rsi=Oop [176]=Oop [184]=Oop [192]=Oop [272]=Oop }
                      ;*aaload {reexecute=0 rethrow=0 return_oop=0}
                      ; - jdk.internal.reflect.DirectMethodHandleAccessor::invokeImpl@54 (line 154)
                      ; - jdk.internal.reflect.DirectMethodHandleAccessor::invoke@23 (line 103)
                      ;   {runtime_call throw_null_pointer_exception Runtime1 stub}
  0x0000021300dfc278: ffe8 8258 

  0x0000021300dfc27c: ; ImmutableOopMap {rdx=Oop rsi=Oop rdi=Oop [176]=Oop [192]=Oop [264]=Oop [272]=Oop }
                      ;*invokevirtual type {reexecute=0 rethrow=0 return_oop=0}
                      ; - java.lang.invoke.Invokers::checkExactType@1 (line 529)
                      ; - java.lang.invoke.Invokers$Holder::invokeExact_MT@10
                      ; - jdk.internal.reflect.DirectMethodHandleAccessor::invokeImpl@55 (line 154)
                      ; - jdk.internal.reflect.DirectMethodHandleAccessor::invoke@23 (line 103)
                      ;   {runtime_call throw_null_pointer_exception Runtime1 stub}
  0x0000021300dfc27c: 30ff e87d 

  0x0000021300dfc280: ; ImmutableOopMap {rdx=Oop rsi=Oop rdi=Oop [176]=Oop [192]=Oop [264]=Oop [272]=Oop }
                      ;*getfield customized {reexecute=1 rethrow=0 return_oop=0}
                      ; - (reexecute) java.lang.invoke.Invokers::checkCustomized@12 (line 626)
                      ; - java.lang.invoke.Invokers$Holder::invokeExact_MT@14
                      ; - jdk.internal.reflect.DirectMethodHandleAccessor::invokeImpl@55 (line 154)
                      ; - jdk.internal.reflect.DirectMethodHandleAccessor::invoke@23 (line 103)
                      ;   {runtime_call throw_null_pointer_exception Runtime1 stub}
  0x0000021300dfc280: 5830 ffe8 

  0x0000021300dfc284: ; ImmutableOopMap {rdx=Oop rsi=Oop [176]=Oop [192]=Oop [280]=Oop }
                      ;*invokevirtual type {reexecute=0 rethrow=0 return_oop=0}
                      ; - java.lang.invoke.Invokers::checkExactType@1 (line 529)
                      ; - java.lang.invoke.Invokers$Holder::invokeExact_MT@10
                      ; - jdk.internal.reflect.DirectMethodHandleAccessor::invokeImpl@41 (line 153)
                      ; - jdk.internal.reflect.DirectMethodHandleAccessor::invoke@23 (line 103)
  0x0000021300dfc284: 7858 30ff 

  0x0000021300dfc288: ;   {runtime_call throw_null_pointer_exception Runtime1 stub}
  0x0000021300dfc288: e873 5830 

  0x0000021300dfc28c: ; ImmutableOopMap {rdx=Oop rsi=Oop [176]=Oop [192]=Oop [280]=Oop }
                      ;*getfield customized {reexecute=1 rethrow=0 return_oop=0}
                      ; - (reexecute) java.lang.invoke.Invokers::checkCustomized@12 (line 626)
                      ; - java.lang.invoke.Invokers$Holder::invokeExact_MT@14
                      ; - jdk.internal.reflect.DirectMethodHandleAccessor::invokeImpl@41 (line 153)
                      ; - jdk.internal.reflect.DirectMethodHandleAccessor::invoke@23 (line 103)
                      ;   {internal_word}
  0x0000021300dfc28c: ff49 ba2c | bcdf 0013 | 0200 004d | 8997 6004 

  0x0000021300dfc29c: ;   {runtime_call SafepointBlob}
  0x0000021300dfc29c: 0000 e95d 

  0x0000021300dfc2a0: ;   {internal_word}
  0x0000021300dfc2a0: 9425 ff49 | ba6c bcdf | 0013 0200 | 004d 8997 | 6004 0000 

  0x0000021300dfc2b4: ;   {runtime_call SafepointBlob}
  0x0000021300dfc2b4: e947 9425 

  0x0000021300dfc2b8: ;   {internal_word}
  0x0000021300dfc2b8: ff49 bab4 | bcdf 0013 | 0200 004d | 8997 6004 

  0x0000021300dfc2c8: ;   {runtime_call SafepointBlob}
  0x0000021300dfc2c8: 0000 e931 

  0x0000021300dfc2cc: ;   {internal_word}
  0x0000021300dfc2cc: 9425 ff49 | ba04 bddf | 0013 0200 | 004d 8997 | 6004 0000 

  0x0000021300dfc2e0: ;   {runtime_call SafepointBlob}
  0x0000021300dfc2e0: e91b 9425 

  0x0000021300dfc2e4: ;   {internal_word}
  0x0000021300dfc2e4: ff49 ba44 | bddf 0013 | 0200 004d | 8997 6004 

  0x0000021300dfc2f4: ;   {runtime_call SafepointBlob}
  0x0000021300dfc2f4: 0000 e905 

  0x0000021300dfc2f8: ;   {runtime_call throw_null_pointer_exception Runtime1 stub}
  0x0000021300dfc2f8: 9425 ffe8 

  0x0000021300dfc2fc: ; ImmutableOopMap {rax=Oop [176]=Oop [192]=Oop [280]=Oop }
                      ;*athrow {reexecute=1 rethrow=0 return_oop=0}
                      ; - (reexecute) java.lang.invoke.Invokers::checkExactType@15 (line 531)
                      ; - java.lang.invoke.Invokers$Holder::invokeExact_MT@10
                      ; - jdk.internal.reflect.DirectMethodHandleAccessor::invokeImpl@41 (line 153)
                      ; - jdk.internal.reflect.DirectMethodHandleAccessor::invoke@23 (line 103)
  0x0000021300dfc2fc: 0058 30ff 

  0x0000021300dfc300: ;   {runtime_call throw_null_pointer_exception Runtime1 stub}
  0x0000021300dfc300: e8fb 5730 

  0x0000021300dfc304: ; ImmutableOopMap {rax=Oop [176]=Oop [192]=Oop [264]=Oop [272]=Oop }
                      ;*athrow {reexecute=1 rethrow=0 return_oop=0}
                      ; - (reexecute) java.lang.invoke.Invokers::checkExactType@15 (line 531)
                      ; - java.lang.invoke.Invokers$Holder::invokeExact_MT@10
                      ; - jdk.internal.reflect.DirectMethodHandleAccessor::invokeImpl@55 (line 154)
                      ; - jdk.internal.reflect.DirectMethodHandleAccessor::invoke@23 (line 103)
                      ;   {runtime_call throw_null_pointer_exception Runtime1 stub}
  0x0000021300dfc304: ffe8 f657 

  0x0000021300dfc308: ; ImmutableOopMap {rax=Oop [176]=Oop [192]=Oop [240]=Oop [248]=Oop [256]=Oop }
                      ;*athrow {reexecute=1 rethrow=0 return_oop=0}
                      ; - (reexecute) java.lang.invoke.Invokers::checkExactType@15 (line 531)
                      ; - java.lang.invoke.LambdaForm$MH/0x000002130c003800::invokeExact_MT@11
                      ; - jdk.internal.reflect.DirectMethodHandleAccessor::invokeImpl@72 (line 155)
                      ; - jdk.internal.reflect.DirectMethodHandleAccessor::invoke@23 (line 103)
                      ;   {runtime_call throw_null_pointer_exception Runtime1 stub}
  0x0000021300dfc308: 30ff e8f1 

  0x0000021300dfc30c: ; ImmutableOopMap {rax=Oop [176]=Oop [192]=Oop [208]=Oop [216]=Oop [224]=Oop [232]=Oop }
                      ;*athrow {reexecute=1 rethrow=0 return_oop=0}
                      ; - (reexecute) java.lang.invoke.Invokers::checkExactType@15 (line 531)
                      ; - java.lang.invoke.LambdaForm$MH/0x000002130c003c00::invokeExact_MT@11
                      ; - jdk.internal.reflect.DirectMethodHandleAccessor::invokeImpl@92 (line 156)
                      ; - jdk.internal.reflect.DirectMethodHandleAccessor::invoke@23 (line 103)
                      ;   {runtime_call throw_null_pointer_exception Runtime1 stub}
  0x0000021300dfc30c: 5730 ffe8 

  0x0000021300dfc310: ; ImmutableOopMap {rax=Oop [176]=Oop [184]=Oop [192]=Oop [200]=Oop }
                      ;*athrow {reexecute=1 rethrow=0 return_oop=0}
                      ; - (reexecute) java.lang.invoke.Invokers::checkExactType@15 (line 531)
                      ; - java.lang.invoke.Invokers$Holder::invokeExact_MT@10
                      ; - jdk.internal.reflect.DirectMethodHandleAccessor::invokeImpl@104 (line 157)
                      ; - jdk.internal.reflect.DirectMethodHandleAccessor::invoke@23 (line 103)
  0x0000021300dfc310: ec57 30ff 

  0x0000021300dfc314: ;   {runtime_call fast_new_instance Runtime1 stub}
  0x0000021300dfc314: 488b d2e8 

  0x0000021300dfc318: ; ImmutableOopMap {}
                      ;*new {reexecute=0 rethrow=0 return_oop=0}
                      ; - jdk.internal.reflect.DirectMethodHandleAccessor::invoke@36 (line 107)
  0x0000021300dfc318: 646a 30ff | e90e fcff | ff48 8bd2 

  0x0000021300dfc324: ;   {runtime_call fast_new_instance Runtime1 stub}
  0x0000021300dfc324: e857 6a30 

  0x0000021300dfc328: ; ImmutableOopMap {r8=Oop }
                      ;*new {reexecute=0 rethrow=0 return_oop=0}
                      ; - jdk.internal.reflect.DirectMethodHandleAccessor::invoke@46 (line 109)
  0x0000021300dfc328: ffe9 93fc | ffff 488b 

  0x0000021300dfc330: ;   {runtime_call fast_new_instance Runtime1 stub}
  0x0000021300dfc330: d2e8 4a6a 

  0x0000021300dfc334: ; ImmutableOopMap {[288]=Oop }
                      ;*new {reexecute=0 rethrow=0 return_oop=0}
                      ; - jdk.internal.reflect.DirectMethodHandleAccessor::invoke@64 (line 113)
  0x0000021300dfc334: 30ff e906 | fdff ff48 

  0x0000021300dfc33c: ;   {runtime_call fast_new_instance Runtime1 stub}
  0x0000021300dfc33c: 8bd2 e83d 

  0x0000021300dfc340: ; ImmutableOopMap {r8=Oop }
                      ;*new {reexecute=0 rethrow=0 return_oop=0}
                      ; - jdk.internal.reflect.DirectMethodHandleAccessor::invoke@73 (line 115)
  0x0000021300dfc340: 6a30 ffe9 | 89fd ffff 

  0x0000021300dfc348: ;   {runtime_call fast_new_instance Runtime1 stub}
  0x0000021300dfc348: 488b d2e8 

  0x0000021300dfc34c: ; ImmutableOopMap {[176]=Oop [184]=Oop [192]=Oop }
                      ;*new {reexecute=0 rethrow=0 return_oop=0}
                      ; - jdk.internal.reflect.DirectMethodHandleAccessor::checkReceiver@14 (line 197)
                      ; - jdk.internal.reflect.DirectMethodHandleAccessor::invoke@9 (line 99)
  0x0000021300dfc34c: 306a 30ff | e9fc fdff | ff48 8bd2 

  0x0000021300dfc358: ;   {runtime_call fast_new_instance Runtime1 stub}
  0x0000021300dfc358: e823 6a30 

  0x0000021300dfc35c: ; ImmutableOopMap {r8=Oop }
                      ;*new {reexecute=0 rethrow=0 return_oop=0}
                      ; - jdk.internal.reflect.DirectMethodHandleAccessor::invoke@83 (line 118)
  0x0000021300dfc35c: ffe9 95fe | ffff 498b | 87f8 0400 | 0049 c787 | f804 0000 | 0000 0000 | 49c7 8700 | 0500 0000 
  0x0000021300dfc37c: 0000 0048 | 81c4 7001 

  0x0000021300dfc384: ;   {runtime_call unwind_exception Runtime1 stub}
  0x0000021300dfc384: 0000 5de9 | 743f 30ff | f4f4 f4f4 
[Stub Code]
  0x0000021300dfc390: ;   {no_reloc}
  0x0000021300dfc390: 0f1f 4400 

  0x0000021300dfc394: ;   {static_stub}
  0x0000021300dfc394: 0048 bb00 | 0000 0000 

  0x0000021300dfc39c: ;   {runtime_call nmethod}
  0x0000021300dfc39c: 0000 00e9 | fbff ffff 

  0x0000021300dfc3a4: ;   {static_stub}
  0x0000021300dfc3a4: 9048 bb00 | 0000 0000 

  0x0000021300dfc3ac: ;   {runtime_call nmethod}
  0x0000021300dfc3ac: 0000 00e9 | fbff ffff 

  0x0000021300dfc3b4: ;   {static_stub}
  0x0000021300dfc3b4: 48bb 0000 | 0000 0000 

  0x0000021300dfc3bc: ;   {runtime_call nmethod}
  0x0000021300dfc3bc: 0000 e9fb 

  0x0000021300dfc3c0: ;   {static_stub}
  0x0000021300dfc3c0: ffff ff48 | bb00 0000 | 0000 0000 

  0x0000021300dfc3cc: ;   {runtime_call nmethod}
  0x0000021300dfc3cc: 00e9 fbff 

  0x0000021300dfc3d0: ;   {static_stub}
  0x0000021300dfc3d0: ffff 48bb | 0000 0000 | 0000 0000 

  0x0000021300dfc3dc: ;   {runtime_call nmethod}
  0x0000021300dfc3dc: e9fb ffff 

  0x0000021300dfc3e0: ;   {static_stub}
  0x0000021300dfc3e0: ff48 bb00 | 0000 0000 

  0x0000021300dfc3e8: ;   {runtime_call nmethod}
  0x0000021300dfc3e8: 0000 00e9 | fbff ffff 

  0x0000021300dfc3f0: ;   {static_stub}
  0x0000021300dfc3f0: 48bb 0000 | 0000 0000 

  0x0000021300dfc3f8: ;   {runtime_call nmethod}
  0x0000021300dfc3f8: 0000 e9fb 

  0x0000021300dfc3fc: ;   {static_stub}
  0x0000021300dfc3fc: ffff ff48 | bb00 0000 | 0000 0000 

  0x0000021300dfc408: ;   {runtime_call nmethod}
  0x0000021300dfc408: 00e9 fbff 

  0x0000021300dfc40c: ;   {static_stub}
  0x0000021300dfc40c: ffff 48bb | 0000 0000 | 0000 0000 

  0x0000021300dfc418: ;   {runtime_call nmethod}
  0x0000021300dfc418: e9fb ffff 

  0x0000021300dfc41c: ;   {static_stub}
  0x0000021300dfc41c: ff48 bb00 | 0000 0000 

  0x0000021300dfc424: ;   {runtime_call nmethod}
  0x0000021300dfc424: 0000 00e9 | fbff ffff 

  0x0000021300dfc42c: ;   {static_stub}
  0x0000021300dfc42c: 48bb 0000 | 0000 0000 

  0x0000021300dfc434: ;   {runtime_call nmethod}
  0x0000021300dfc434: 0000 e9fb 

  0x0000021300dfc438: ;   {static_stub}
  0x0000021300dfc438: ffff ff48 | bba0 2a08 | 4c13 0200 

  0x0000021300dfc444: ;   {runtime_call I2C/C2I adapters}
  0x0000021300dfc444: 00e9 9d7d 

  0x0000021300dfc448: ;   {static_stub}
  0x0000021300dfc448: 25ff 48bb | 0000 0000 | 0000 0000 

  0x0000021300dfc454: ;   {runtime_call nmethod}
  0x0000021300dfc454: e9fb ffff 

  0x0000021300dfc458: ;   {runtime_call handle_exception_from_callee Runtime1 stub}
  0x0000021300dfc458: ffe8 a287 

  0x0000021300dfc45c: ;   {external_word}
  0x0000021300dfc45c: 30ff 48b9 | 4080 13e6 | ff7f 0000 | 4883 e4f0 

  0x0000021300dfc46c: ;   {runtime_call}
  0x0000021300dfc46c: 48b8 80ed | d5e5 ff7f | 0000 ffd0 

  0x0000021300dfc478: ;   {section_word}
  0x0000021300dfc478: f449 ba79 | c4df 0013 | 0200 0041 

  0x0000021300dfc484: ;   {runtime_call DeoptimizationBlob}
  0x0000021300dfc484: 52e9 1685 

  0x0000021300dfc488: ;   {section_word}
  0x0000021300dfc488: 25ff 49ba | 8ac4 df00 | 1302 0000 

  0x0000021300dfc494: ;   {runtime_call DeoptimizationBlob}
  0x0000021300dfc494: 4152 e905 | 8525 fff4 | f4f4 f4f4 
[/MachCode]


Compiled method (c1) 16451 4782       1       java.lang.reflect.Method::invoke (108 bytes)
 total in heap  [0x0000021300e15810,0x0000021300e15e20] = 1552
 relocation     [0x0000021300e15970,0x0000021300e15a00] = 144
 main code      [0x0000021300e15a00,0x0000021300e15c58] = 600
 stub code      [0x0000021300e15c58,0x0000021300e15cf0] = 152
 metadata       [0x0000021300e15cf0,0x0000021300e15cf8] = 8
 scopes data    [0x0000021300e15cf8,0x0000021300e15d78] = 128
 scopes pcs     [0x0000021300e15d78,0x0000021300e15e08] = 144
 dependencies   [0x0000021300e15e08,0x0000021300e15e10] = 8
 nul chk table  [0x0000021300e15e10,0x0000021300e15e20] = 16

[Constant Pool (empty)]

[MachCode]
[Entry Point]
  # {method} {0x000002130b043cd8} 'invoke' '(Ljava/lang/Object;[Ljava/lang/Object;)Ljava/lang/Object;' in 'java/lang/reflect/Method'
  # this:     rdx:rdx   = 'java/lang/reflect/Method'
  # parm0:    r8:r8     = 'java/lang/Object'
  # parm1:    r9:r9     = '[Ljava/lang/Object;'
  #           [sp+0x90]  (sp of caller)
  0x0000021300e15a00: 448b 5208 | 49bb 0000 | 000b 1302 | 0000 4d03 | d34c 3bd0 

  0x0000021300e15a14: ;   {runtime_call ic_miss_stub}
  0x0000021300e15a14: 0f85 668d | 23ff 660f | 1f44 0000 
[Verified Entry Point]
  0x0000021300e15a20: 8984 2400 | 80ff ff55 | 4881 ec80 | 0000 0090 | 4181 7f20 | 0900 0000 

  0x0000021300e15a38: ;   {runtime_call StubRoutines (final stubs)}
  0x0000021300e15a38: 7405 e821 | f321 ff48 | 8954 2448 | 4c89 4424 | 504c 894c | 2458 488b | f248 8bd6 

  0x0000021300e15a54: ;   {optimized virtual_call}
  0x0000021300e15a54: 6666 90e8 

  0x0000021300e15a58: ; ImmutableOopMap {[72]=Oop [80]=Oop [88]=Oop }
                      ;*invokevirtual isCallerSensitive {reexecute=0 rethrow=0 return_oop=0}
                      ; - java.lang.reflect.Method::invoke@1 (line 561)
  0x0000021300e15a58: 840d f9ff 

  0x0000021300e15a5c: ;   {other}
  0x0000021300e15a5c: 0f1f 8400 | 4c02 0000 | 488b 5424 | 480f be72 | 0c85 f60f | 841b 0000 | 0085 c00f | 8513 0000 
  0x0000021300e15a7c: ;   {oop(nullptr)}
  0x0000021300e15a7c: 0048 bb00 | 0000 0000 | 0000 0089 | 4424 60e9 | 1c00 0000 | 8944 2460 

  0x0000021300e15a94: ;   {static_call}
  0x0000021300e15a94: 6666 90e8 

  0x0000021300e15a98: ; ImmutableOopMap {[72]=Oop [80]=Oop [88]=Oop }
                      ;*invokestatic getCallerClass {reexecute=0 rethrow=0 return_oop=0}
                      ; - java.lang.reflect.Method::invoke@19 (line 564)
  0x0000021300e15a98: 444a 64ff 

  0x0000021300e15a9c: ;   {other}
  0x0000021300e15a9c: 0f1f 8400 | 8c02 0001 | 488b d848 | 8b54 2448 | 440f be42 | 0c45 85c0 | 0f84 0a00 | 0000 4889 
  0x0000021300e15abc: 5c24 68e9 | 7d00 0000 | 448b 4a24 | 49c1 e103 | 8b72 204c | 8bc6 4183 | e008 4585 | c041 b800 
  0x0000021300e15adc: 0000 0074 | 0641 b801 | 0000 0041 | 83e0 0145 | 85c0 0f84 | 0f00 0000 

  0x0000021300e15af4: ;   {oop(nullptr)}
  0x0000021300e15af4: 48bf 0000 | 0000 0000 | 0000 e91d | 0000 004c | 8b44 2450 

  0x0000021300e15b08: ; implicit exception: dispatches to 0x0000021300e15bfa
  0x0000021300e15b08: 418b 7808 | 49ba 0000 | 000b 1302 | 0000 4903 | fa48 8b7f | 7048 8b3f | 4c8b c348 | 8bca 488b 
  0x0000021300e15b28: d148 895c 

  0x0000021300e15b2c: ;   {optimized virtual_call}
  0x0000021300e15b2c: 2468 90e8 

  0x0000021300e15b30: ; ImmutableOopMap {[72]=Oop [80]=Oop [88]=Oop [104]=Oop }
                      ;*invokevirtual checkAccess {reexecute=0 rethrow=0 return_oop=0}
                      ; - java.lang.reflect.Method::invoke@60 (line 571)
  0x0000021300e15b30: 4cb4 72ff 

  0x0000021300e15b34: ;   {other}
  0x0000021300e15b34: 0f1f 8400 | 2403 0002 | 488b 5424 | 488b 724c | 48c1 e603 | 4885 f60f | 8516 0000 | 0066 0f1f 
  0x0000021300e15b54: ;   {optimized virtual_call}
  0x0000021300e15b54: 4400 00e8 

  0x0000021300e15b58: ; ImmutableOopMap {[80]=Oop [88]=Oop [104]=Oop }
                      ;*invokevirtual acquireMethodAccessor {reexecute=0 rethrow=0 return_oop=0}
                      ; - java.lang.reflect.Method::invoke@75 (line 577)
  0x0000021300e15b58: a418 90ff 

  0x0000021300e15b5c: ;   {other}
  0x0000021300e15b5c: 0f1f 8400 | 4c03 0003 | 488b f08b | 4424 6085 | c00f 8447 | 0000 0048 | 8b5c 2468 | 4c8b 4424 
  0x0000021300e15b7c: 504c 8b4c | 2458 488b | fb48 8bd6 | 0f1f 4400 | 0048 b830 | b49e 5213 

  0x0000021300e15b94: ;   {virtual_call}
  0x0000021300e15b94: 0200 00e8 

  0x0000021300e15b98: ; ImmutableOopMap {}
                      ;*invokeinterface invoke {reexecute=0 rethrow=0 return_oop=0}
                      ; - java.lang.reflect.Method::invoke@90 (line 580)
  0x0000021300e15b98: a1c3 22ff 

  0x0000021300e15b9c: ;   {other}
  0x0000021300e15b9c: 0f1f 8400 | 8c03 0004 | 4881 c480 | 0000 005d 

  0x0000021300e15bac: ;   {poll_return}
  0x0000021300e15bac: 493b a748 | 0400 000f | 8746 0000 | 00c3 4c8b | 4c24 584c | 8b44 2450 | 488b d666 | 0f1f 4400 
  0x0000021300e15bcc: 0048 b8b0 | dc19 0b13 

  0x0000021300e15bd4: ;   {virtual_call}
  0x0000021300e15bd4: 0200 00e8 

  0x0000021300e15bd8: ; ImmutableOopMap {}
                      ;*invokeinterface invoke {reexecute=0 rethrow=0 return_oop=0}
                      ; - java.lang.reflect.Method::invoke@102 (line 580)
  0x0000021300e15bd8: c45c feff 

  0x0000021300e15bdc: ;   {other}
  0x0000021300e15bdc: 0f1f 8400 | cc03 0005 | 4881 c480 | 0000 005d 

  0x0000021300e15bec: ;   {poll_return}
  0x0000021300e15bec: 493b a748 | 0400 000f | 871c 0000 

  0x0000021300e15bf8: ;   {runtime_call throw_null_pointer_exception Runtime1 stub}
  0x0000021300e15bf8: 00c3 e801 

  0x0000021300e15bfc: ; ImmutableOopMap {rbx=Oop rdx=Oop r9=Oop r8=Oop [72]=Oop [80]=Oop [88]=Oop }
                      ;*invokevirtual getClass {reexecute=0 rethrow=0 return_oop=0}
                      ; - java.lang.reflect.Method::invoke@53 (line 572)
                      ;   {internal_word}
  0x0000021300e15bfc: bf2e ff49 | baac 5be1 | 0013 0200 | 004d 8997 | 6004 0000 

  0x0000021300e15c10: ;   {runtime_call SafepointBlob}
  0x0000021300e15c10: e9eb fa23 

  0x0000021300e15c14: ;   {internal_word}
  0x0000021300e15c14: ff49 baec | 5be1 0013 | 0200 004d | 8997 6004 

  0x0000021300e15c24: ;   {runtime_call SafepointBlob}
  0x0000021300e15c24: 0000 e9d5 | fa23 ff49 | 8b87 f804 | 0000 49c7 | 87f8 0400 | 0000 0000 | 0049 c787 | 0005 0000 
  0x0000021300e15c44: 0000 0000 | 4881 c480 | 0000 005d 

  0x0000021300e15c50: ;   {runtime_call unwind_exception Runtime1 stub}
  0x0000021300e15c50: e9ab a62e | fff4 f4f4 
[Stub Code]
  0x0000021300e15c58: ;   {no_reloc}
  0x0000021300e15c58: 0f1f 4400 

  0x0000021300e15c5c: ;   {static_stub}
  0x0000021300e15c5c: 0048 bb00 | 0000 0000 

  0x0000021300e15c64: ;   {runtime_call nmethod}
  0x0000021300e15c64: 0000 00e9 | fbff ffff 

  0x0000021300e15c6c: ;   {static_stub}
  0x0000021300e15c6c: 9048 bb00 | 0000 0000 

  0x0000021300e15c74: ;   {runtime_call nmethod}
  0x0000021300e15c74: 0000 00e9 | fbff ffff 

  0x0000021300e15c7c: ;   {static_stub}
  0x0000021300e15c7c: 48bb 0000 | 0000 0000 

  0x0000021300e15c84: ;   {runtime_call nmethod}
  0x0000021300e15c84: 0000 e9fb 

  0x0000021300e15c88: ;   {static_stub}
  0x0000021300e15c88: ffff ff48 | bb00 0000 | 0000 0000 

  0x0000021300e15c94: ;   {runtime_call nmethod}
  0x0000021300e15c94: 00e9 fbff 

  0x0000021300e15c98: ;   {static_stub}
  0x0000021300e15c98: ffff 48bb | 0000 0000 | 0000 0000 

  0x0000021300e15ca4: ;   {runtime_call nmethod}
  0x0000021300e15ca4: e9fb ffff 

  0x0000021300e15ca8: ;   {static_stub}
  0x0000021300e15ca8: ff48 bb48 | 4104 0b13 

  0x0000021300e15cb0: ;   {runtime_call I2C/C2I adapters}
  0x0000021300e15cb0: 0200 00e9 | abd7 23ff 
[Exception Handler]
  0x0000021300e15cb8: ;   {runtime_call handle_exception_from_callee Runtime1 stub}
  0x0000021300e15cb8: e843 ef2e 

  0x0000021300e15cbc: ;   {external_word}
  0x0000021300e15cbc: ff48 b940 | 8013 e6ff | 7f00 0048 

  0x0000021300e15cc8: ;   {runtime_call}
  0x0000021300e15cc8: 83e4 f048 | b880 edd5 | e5ff 7f00 | 00ff d0f4 
[Deopt Handler Code]
  0x0000021300e15cd8: ;   {section_word}
  0x0000021300e15cd8: 49ba d85c | e100 1302 | 0000 4152 

  0x0000021300e15ce4: ;   {runtime_call DeoptimizationBlob}
  0x0000021300e15ce4: e9b7 ec23 | fff4 f4f4 | f4f4 f4f4 
[/MachCode]


---------------  P R O C E S S  ---------------

Threads class SMR info:
_java_thread_list=0x00000213507c0eb0, length=34, elements={
0x0000021309928f50, 0x00000213099299a0, 0x000002130992c470, 0x000002130992e130,
0x000002130a516790, 0x000002130a51f5f0, 0x000002130a522bc0, 0x000002130a6154e0,
0x000002130a612d80, 0x000002130a613aa0, 0x000002130a613410, 0x000002130a615b70,
0x000002130a6147c0, 0x000002130a6126f0, 0x0000021350c34ad0, 0x0000021350c32370,
0x0000021350c34440, 0x0000021350c32a00, 0x0000021350c33db0, 0x00000213537129f0,
0x0000021353713da0, 0x0000021353714ac0, 0x00000213537157e0, 0x0000021353715150,
0x0000021353715e70, 0x0000021353713710, 0x0000021353713080, 0x0000021353714430,
0x000002135371ea10, 0x0000021353722520, 0x000002135371f730, 0x000002135371fdc0,
0x0000021353720ae0, 0x000002135371f0a0
}

Java Threads: ( => current thread )
  0x0000021309928f50 JavaThread "Reference Handler"          daemon [_thread_blocked, id=10532, stack(0x000000d16bc00000,0x000000d16bd00000) (1024K)]
  0x00000213099299a0 JavaThread "Finalizer"                  daemon [_thread_blocked, id=19172, stack(0x000000d16bd00000,0x000000d16be00000) (1024K)]
  0x000002130992c470 JavaThread "Signal Dispatcher"          daemon [_thread_blocked, id=9820, stack(0x000000d16be00000,0x000000d16bf00000) (1024K)]
  0x000002130992e130 JavaThread "Attach Listener"            daemon [_thread_blocked, id=8464, stack(0x000000d16bf00000,0x000000d16c000000) (1024K)]
  0x000002130a516790 JavaThread "Service Thread"             daemon [_thread_blocked, id=12384, stack(0x000000d16c000000,0x000000d16c100000) (1024K)]
  0x000002130a51f5f0 JavaThread "Monitor Deflation Thread"   daemon [_thread_blocked, id=4848, stack(0x000000d16c100000,0x000000d16c200000) (1024K)]
  0x000002130a522bc0 JavaThread "C1 CompilerThread0"         daemon [_thread_blocked, id=10268, stack(0x000000d16c200000,0x000000d16c300000) (1024K)]
  0x000002130a6154e0 JavaThread "Common-Cleaner"             daemon [_thread_blocked, id=2988, stack(0x000000d16c300000,0x000000d16c400000) (1024K)]
  0x000002130a612d80 JavaThread "Monitor Ctrl-Break"         daemon [_thread_in_native, id=3028, stack(0x000000d16ca00000,0x000000d16cb00000) (1024K)]
  0x000002130a613aa0 JavaThread "Notification Thread"        daemon [_thread_blocked, id=4424, stack(0x000000d16cb00000,0x000000d16cc00000) (1024K)]
  0x000002130a613410 JavaThread "RMI TCP Accept-0"           daemon [_thread_in_native, id=11716, stack(0x000000d16c900000,0x000000d16ca00000) (1024K)]
  0x000002130a615b70 JavaThread "RMI TCP Connection(1)-192.168.55.102" daemon [_thread_in_native, id=15596, stack(0x000000d16cc00000,0x000000d16cd00000) (1024K)]
  0x000002130a6147c0 JavaThread "RMI Scheduler(0)"           daemon [_thread_blocked, id=13040, stack(0x000000d16d500000,0x000000d16d600000) (1024K)]
  0x000002130a6126f0 JavaThread "JMX server connection timeout 42" daemon [_thread_blocked, id=4984, stack(0x000000d16d600000,0x000000d16d700000) (1024K)]
  0x0000021350c34ad0 JavaThread "Catalina-utility-1"                [_thread_blocked, id=19328, stack(0x000000d16de00000,0x000000d16df00000) (1024K)]
  0x0000021350c32370 JavaThread "Catalina-utility-2"                [_thread_blocked, id=6732, stack(0x000000d16e500000,0x000000d16e600000) (1024K)]
  0x0000021350c34440 JavaThread "container-0"                       [_thread_blocked, id=4724, stack(0x000000d16e600000,0x000000d16e700000) (1024K)]
  0x0000021350c32a00 JavaThread "File Watcher"               daemon [_thread_blocked, id=7564, stack(0x000000d16e200000,0x000000d16e300000) (1024K)]
  0x0000021350c33db0 JavaThread "Live Reload Server"         daemon [_thread_in_native, id=18620, stack(0x000000d16e400000,0x000000d16e500000) (1024K)]
=>0x00000213537129f0 JavaThread "http-nio-8080-exec-1"       daemon [_thread_in_native, id=17576, stack(0x000000d16e300000,0x000000d16e400000) (1024K)]
  0x0000021353713da0 JavaThread "http-nio-8080-exec-2"       daemon [_thread_blocked, id=3336, stack(0x000000d16e800000,0x000000d16e900000) (1024K)]
  0x0000021353714ac0 JavaThread "http-nio-8080-exec-3"       daemon [_thread_blocked, id=5264, stack(0x000000d16e900000,0x000000d16ea00000) (1024K)]
  0x00000213537157e0 JavaThread "http-nio-8080-exec-4"       daemon [_thread_blocked, id=2896, stack(0x000000d16ea00000,0x000000d16eb00000) (1024K)]
  0x0000021353715150 JavaThread "http-nio-8080-exec-5"       daemon [_thread_blocked, id=4164, stack(0x000000d16eb00000,0x000000d16ec00000) (1024K)]
  0x0000021353715e70 JavaThread "http-nio-8080-exec-6"       daemon [_thread_blocked, id=9276, stack(0x000000d16ec00000,0x000000d16ed00000) (1024K)]
  0x0000021353713710 JavaThread "http-nio-8080-exec-7"       daemon [_thread_blocked, id=17940, stack(0x000000d16ed00000,0x000000d16ee00000) (1024K)]
  0x0000021353713080 JavaThread "http-nio-8080-exec-8"       daemon [_thread_blocked, id=19028, stack(0x000000d16ee00000,0x000000d16ef00000) (1024K)]
  0x0000021353714430 JavaThread "http-nio-8080-exec-9"       daemon [_thread_blocked, id=6316, stack(0x000000d16ef00000,0x000000d16f000000) (1024K)]
  0x000002135371ea10 JavaThread "http-nio-8080-exec-10"      daemon [_thread_blocked, id=3656, stack(0x000000d16f000000,0x000000d16f100000) (1024K)]
  0x0000021353722520 JavaThread "http-nio-8080-Poller"       daemon [_thread_in_native, id=4840, stack(0x000000d16f100000,0x000000d16f200000) (1024K)]
  0x000002135371f730 JavaThread "http-nio-8080-Acceptor"     daemon [_thread_in_native, id=2248, stack(0x000000d16f200000,0x000000d16f300000) (1024K)]
  0x000002135371fdc0 JavaThread "grpc-nio-boss-ELG-1-1"      daemon [_thread_in_native, id=7636, stack(0x000000d16f300000,0x000000d16f400000) (1024K)]
  0x0000021353720ae0 JavaThread "grpc-server-container-0"           [_thread_blocked, id=13196, stack(0x000000d16f400000,0x000000d16f500000) (1024K)]
  0x000002135371f0a0 JavaThread "DestroyJavaVM"                     [_thread_blocked, id=2312, stack(0x000000d16b400000,0x000000d16b500000) (1024K)]
Total: 34

Other Threads:
  0x0000021309910b00 VMThread "VM Thread"                           [id=19424, stack(0x000000d16bb00000,0x000000d16bc00000) (1024K)]
  0x00000213098fdfd0 WatcherThread "VM Periodic Task Thread"        [id=12352, stack(0x000000d16ba00000,0x000000d16bb00000) (1024K)]
  0x0000021376a52820 WorkerThread "GC Thread#0"                     [id=12632, stack(0x000000d16b500000,0x000000d16b600000) (1024K)]
  0x00000213505b1a30 WorkerThread "GC Thread#1"                     [id=12140, stack(0x000000d16cd00000,0x000000d16ce00000) (1024K)]
  0x000002135057ded0 WorkerThread "GC Thread#2"                     [id=19220, stack(0x000000d16ce00000,0x000000d16cf00000) (1024K)]
  0x0000021350580280 WorkerThread "GC Thread#3"                     [id=16900, stack(0x000000d16cf00000,0x000000d16d000000) (1024K)]
  0x0000021350580620 WorkerThread "GC Thread#4"                     [id=11784, stack(0x000000d16d000000,0x000000d16d100000) (1024K)]
  0x00000213505bb4b0 WorkerThread "GC Thread#5"                     [id=13724, stack(0x000000d16d100000,0x000000d16d200000) (1024K)]
  0x00000213505bb850 WorkerThread "GC Thread#6"                     [id=5852, stack(0x000000d16d200000,0x000000d16d300000) (1024K)]
  0x00000213505d0150 WorkerThread "GC Thread#7"                     [id=5236, stack(0x000000d16d300000,0x000000d16d400000) (1024K)]
  0x00000213505d0b10 WorkerThread "GC Thread#8"                     [id=7120, stack(0x000000d16d400000,0x000000d16d500000) (1024K)]
  0x0000021350c91090 WorkerThread "GC Thread#9"                     [id=12416, stack(0x000000d16d900000,0x000000d16da00000) (1024K)]
  0x0000021350c91b70 WorkerThread "GC Thread#10"                    [id=2316, stack(0x000000d16da00000,0x000000d16db00000) (1024K)]
  0x0000021350c917d0 WorkerThread "GC Thread#11"                    [id=11752, stack(0x000000d16db00000,0x000000d16dc00000) (1024K)]
  0x00000213512c03a0 WorkerThread "GC Thread#12"                    [id=4036, stack(0x000000d16e100000,0x000000d16e200000) (1024K)]
  0x0000021376a63b10 ConcurrentGCThread "G1 Main Marker"            [id=15512, stack(0x000000d16b600000,0x000000d16b700000) (1024K)]
  0x0000021376a66430 WorkerThread "G1 Conc#0"                       [id=7408, stack(0x000000d16b700000,0x000000d16b800000) (1024K)]
  0x0000021350c90210 WorkerThread "G1 Conc#1"                       [id=6392, stack(0x000000d16dc00000,0x000000d16dd00000) (1024K)]
  0x0000021350c90950 WorkerThread "G1 Conc#2"                       [id=9280, stack(0x000000d16dd00000,0x000000d16de00000) (1024K)]
  0x00000213097d0100 ConcurrentGCThread "G1 Refine#0"               [id=744, stack(0x000000d16b800000,0x000000d16b900000) (1024K)]
  0x00000213097d0920 ConcurrentGCThread "G1 Service"                [id=14840, stack(0x000000d16b900000,0x000000d16ba00000) (1024K)]
Total: 21

Threads with active compile tasks:
Total: 0

VM state: not at safepoint (normal execution)

VM Mutex/Monitor currently owned by a thread: None

Heap address: 0x000000070a800000, size: 3928 MB, Compressed Oops mode: Zero based, Oop shift amount: 3

CDS archive(s) mapped at: [0x000002130b000000-0x000002130bc80000-0x000002130bc80000), size 13107200, SharedBaseAddress: 0x000002130b000000, ArchiveRelocationMode: 1.
Compressed class space mapped at: 0x000002130c000000-0x000002134c000000, reserved size: 1073741824
Narrow klass base: 0x000002130b000000, Narrow klass shift: 0, Narrow klass range: 0x100000000

GC Precious Log:
 CardTable entry size: 512
 Card Set container configuration: InlinePtr #cards 4 size 8 Array Of Cards #cards 16 size 48 Howl #buckets 8 coarsen threshold 3686 Howl Bitmap #cards 512 size 80 coarsen threshold 460 Card regions per heap region 1 cards per card region 4096
 CPUs: 16 total, 16 available
 Memory: 15709M
 Large Page Support: Disabled
 NUMA Support: Disabled
 Compressed Oops: Enabled (Zero based)
 Heap Region Size: 2M
 Heap Min Capacity: 8M
 Heap Initial Capacity: 246M
 Heap Max Capacity: 3928M
 Pre-touch: Disabled
 Parallel Workers: 13
 Concurrent Workers: 3
 Concurrent Refinement Workers: 13
 Periodic GC: Disabled

Heap:
 garbage-first heap   total 90112K, used 58565K [0x000000070a800000, 0x0000000800000000)
  region size 2048K, 17 young (34816K), 4 survivors (8192K)
 Metaspace       used 70465K, committed 71232K, reserved 1114112K
  class space    used 9752K, committed 10112K, reserved 1048576K

Heap Regions: E=young(eden), S=young(survivor), O=old, HS=humongous(starts), HC=humongous(continues), CS=collection set, F=free, TAMS=top-at-mark-start, PB=parsable bottom
|   0|0x000000070a800000, 0x000000070aa00000, 0x000000070aa00000|100%| O|  |TAMS 0x000000070a800000| PB 0x000000070a800000| Untracked 
|   1|0x000000070aa00000, 0x000000070ac00000, 0x000000070ac00000|100%| O|  |TAMS 0x000000070aa00000| PB 0x000000070aa00000| Untracked 
|   2|0x000000070ac00000, 0x000000070ae00000, 0x000000070ae00000|100%| O|  |TAMS 0x000000070ac00000| PB 0x000000070ac00000| Untracked 
|   3|0x000000070ae00000, 0x000000070b000000, 0x000000070b000000|100%| O|  |TAMS 0x000000070ae00000| PB 0x000000070ae00000| Untracked 
|   4|0x000000070b000000, 0x000000070b200000, 0x000000070b200000|100%| O|  |TAMS 0x000000070b000000| PB 0x000000070b000000| Untracked 
|   5|0x000000070b200000, 0x000000070b400000, 0x000000070b400000|100%| O|  |TAMS 0x000000070b200000| PB 0x000000070b200000| Untracked 
|   6|0x000000070b400000, 0x000000070b54c030, 0x000000070b600000| 64%| O|  |TAMS 0x000000070b400000| PB 0x000000070b400000| Untracked 
|   7|0x000000070b600000, 0x000000070b800000, 0x000000070b800000|100%| O|  |TAMS 0x000000070b600000| PB 0x000000070b600000| Untracked 
|   8|0x000000070b800000, 0x000000070ba00000, 0x000000070ba00000|100%| O|Cm|TAMS 0x000000070b800000| PB 0x000000070b800000| Complete 
|   9|0x000000070ba00000, 0x000000070bc00000, 0x000000070bc00000|100%| O|  |TAMS 0x000000070ba00000| PB 0x000000070ba00000| Untracked 
|  10|0x000000070bc00000, 0x000000070be00000, 0x000000070be00000|100%| O|  |TAMS 0x000000070bc00000| PB 0x000000070bc00000| Untracked 
|  11|0x000000070be00000, 0x000000070c000000, 0x000000070c000000|100%| O|  |TAMS 0x000000070be00000| PB 0x000000070be00000| Untracked 
|  12|0x000000070c000000, 0x000000070c200000, 0x000000070c200000|100%| O|  |TAMS 0x000000070c000000| PB 0x000000070c000000| Untracked 
|  13|0x000000070c200000, 0x000000070c200000, 0x000000070c400000|  0%| F|  |TAMS 0x000000070c200000| PB 0x000000070c200000| Untracked 
|  14|0x000000070c400000, 0x000000070c5e53f8, 0x000000070c600000| 94%| S|CS|TAMS 0x000000070c400000| PB 0x000000070c400000| Complete 
|  15|0x000000070c600000, 0x000000070c800000, 0x000000070c800000|100%| S|CS|TAMS 0x000000070c600000| PB 0x000000070c600000| Complete 
|  16|0x000000070c800000, 0x000000070ca00000, 0x000000070ca00000|100%| S|CS|TAMS 0x000000070c800000| PB 0x000000070c800000| Complete 
|  17|0x000000070ca00000, 0x000000070cc00000, 0x000000070cc00000|100%| S|CS|TAMS 0x000000070ca00000| PB 0x000000070ca00000| Complete 
|  18|0x000000070cc00000, 0x000000070cc00000, 0x000000070ce00000|  0%| F|  |TAMS 0x000000070cc00000| PB 0x000000070cc00000| Untracked 
|  19|0x000000070ce00000, 0x000000070ce00000, 0x000000070d000000|  0%| F|  |TAMS 0x000000070ce00000| PB 0x000000070ce00000| Untracked 
|  20|0x000000070d000000, 0x000000070d000000, 0x000000070d200000|  0%| F|  |TAMS 0x000000070d000000| PB 0x000000070d000000| Untracked 
|  21|0x000000070d200000, 0x000000070d200000, 0x000000070d400000|  0%| F|  |TAMS 0x000000070d200000| PB 0x000000070d200000| Untracked 
|  22|0x000000070d400000, 0x000000070d400000, 0x000000070d600000|  0%| F|  |TAMS 0x000000070d400000| PB 0x000000070d400000| Untracked 
|  23|0x000000070d600000, 0x000000070d600000, 0x000000070d800000|  0%| F|  |TAMS 0x000000070d600000| PB 0x000000070d600000| Untracked 
|  24|0x000000070d800000, 0x000000070d800000, 0x000000070da00000|  0%| F|  |TAMS 0x000000070d800000| PB 0x000000070d800000| Untracked 
|  25|0x000000070da00000, 0x000000070da00000, 0x000000070dc00000|  0%| F|  |TAMS 0x000000070da00000| PB 0x000000070da00000| Untracked 
|  26|0x000000070dc00000, 0x000000070dc00000, 0x000000070de00000|  0%| F|  |TAMS 0x000000070dc00000| PB 0x000000070dc00000| Untracked 
|  27|0x000000070de00000, 0x000000070de00000, 0x000000070e000000|  0%| F|  |TAMS 0x000000070de00000| PB 0x000000070de00000| Untracked 
|  28|0x000000070e000000, 0x000000070e000000, 0x000000070e200000|  0%| F|  |TAMS 0x000000070e000000| PB 0x000000070e000000| Untracked 
|  29|0x000000070e200000, 0x000000070e200000, 0x000000070e400000|  0%| F|  |TAMS 0x000000070e200000| PB 0x000000070e200000| Untracked 
|  30|0x000000070e400000, 0x000000070e400000, 0x000000070e600000|  0%| F|  |TAMS 0x000000070e400000| PB 0x000000070e400000| Untracked 
|  31|0x000000070e600000, 0x000000070e7f4480, 0x000000070e800000| 97%| E|  |TAMS 0x000000070e600000| PB 0x000000070e600000| Complete 
|  32|0x000000070e800000, 0x000000070ea00000, 0x000000070ea00000|100%| E|CS|TAMS 0x000000070e800000| PB 0x000000070e800000| Complete 
|  33|0x000000070ea00000, 0x000000070ec00000, 0x000000070ec00000|100%| E|CS|TAMS 0x000000070ea00000| PB 0x000000070ea00000| Complete 
|  34|0x000000070ec00000, 0x000000070ee00000, 0x000000070ee00000|100%| E|CS|TAMS 0x000000070ec00000| PB 0x000000070ec00000| Complete 
|  35|0x000000070ee00000, 0x000000070f000000, 0x000000070f000000|100%| E|CS|TAMS 0x000000070ee00000| PB 0x000000070ee00000| Complete 
|  36|0x000000070f000000, 0x000000070f200000, 0x000000070f200000|100%| E|CS|TAMS 0x000000070f000000| PB 0x000000070f000000| Complete 
|  37|0x000000070f200000, 0x000000070f400000, 0x000000070f400000|100%| E|CS|TAMS 0x000000070f200000| PB 0x000000070f200000| Complete 
|  38|0x000000070f400000, 0x000000070f600000, 0x000000070f600000|100%| E|CS|TAMS 0x000000070f400000| PB 0x000000070f400000| Complete 
|  39|0x000000070f600000, 0x000000070f800000, 0x000000070f800000|100%| E|CS|TAMS 0x000000070f600000| PB 0x000000070f600000| Complete 
|  51|0x0000000710e00000, 0x0000000711000000, 0x0000000711000000|100%| E|CS|TAMS 0x0000000710e00000| PB 0x0000000710e00000| Complete 
|  52|0x0000000711000000, 0x0000000711200000, 0x0000000711200000|100%| E|CS|TAMS 0x0000000711000000| PB 0x0000000711000000| Complete 
|  53|0x0000000711200000, 0x0000000711400000, 0x0000000711400000|100%| E|CS|TAMS 0x0000000711200000| PB 0x0000000711200000| Complete 
| 122|0x0000000719c00000, 0x0000000719e00000, 0x0000000719e00000|100%| E|CS|TAMS 0x0000000719c00000| PB 0x0000000719c00000| Complete 

Card table byte_map: [0x0000021303000000,0x00000213037b0000] _byte_map_base: 0x00000212ff7ac000

Marking Bits: (CMBitMap*) 0x0000021376a52e30
 Bits: [0x00000213037b0000, 0x0000021307510000)

Polling page: 0x0000021376160000

Metaspace:

Usage:
  Non-class:     59.29 MB used.
      Class:      9.52 MB used.
       Both:     68.81 MB used.

Virtual space:
  Non-class space:       64.00 MB reserved,      59.69 MB ( 93%) committed,  1 nodes.
      Class space:        1.00 GB reserved,       9.88 MB ( <1%) committed,  1 nodes.
             Both:        1.06 GB reserved,      69.56 MB (  6%) committed. 

Chunk freelists:
   Non-Class:  3.38 MB
       Class:  6.05 MB
        Both:  9.42 MB

MaxMetaspaceSize: unlimited
CompressedClassSpaceSize: 1.00 GB
Initial GC threshold: 21.00 MB
Current GC threshold: 98.12 MB
CDS: on
 - commit_granule_bytes: 65536.
 - commit_granule_words: 8192.
 - virtual_space_node_default_size: 8388608.
 - enlarge_chunks_in_place: 1.
 - use_allocation_guard: 0.


Internal statistics:

num_allocs_failed_limit: 9.
num_arena_births: 1076.
num_arena_deaths: 0.
num_vsnodes_births: 2.
num_vsnodes_deaths: 0.
num_space_committed: 1113.
num_space_uncommitted: 0.
num_chunks_returned_to_freelist: 9.
num_chunks_taken_from_freelist: 3614.
num_chunk_merges: 9.
num_chunk_splits: 2664.
num_chunks_enlarged: 2066.
num_inconsistent_stats: 0.

CodeCache: size=49152Kb used=10223Kb max_used=14642Kb free=38928Kb
 bounds [0x0000021300000000, 0x0000021300e50000, 0x0000021303000000]
 total_blobs=6105 nmethods=5374 adapters=653
 compilation: enabled
              stopped_count=0, restarted_count=0
 full_count=0

Compilation events (20 events):
Event: 16.346 Thread 0x000002130a522bc0 5897   !   1       org.springframework.util.ConcurrentReferenceHashMap$Segment::doTask (179 bytes)
Event: 16.347 Thread 0x000002130a522bc0 nmethod 5897 0x0000021300889610 code [0x0000021300889900, 0x000002130088a138]
Event: 16.347 Thread 0x000002130a522bc0 5898   !   1       jdk.proxy1.$Proxy4::annotationType (29 bytes)
Event: 16.347 Thread 0x000002130a522bc0 nmethod 5898 0x0000021300889090 code [0x0000021300889260, 0x0000021300889490]
Event: 16.349 Thread 0x000002130a522bc0 5899       1       org.springframework.core.annotation.AttributeMethods::isAttributeMethod (23 bytes)
Event: 16.349 Thread 0x000002130a522bc0 nmethod 5899 0x0000021300888d10 code [0x0000021300888ea0, 0x0000021300888f90]
Event: 16.354 Thread 0x000002130a522bc0 5900       1       kotlin.collections.CollectionsKt__CollectionsKt::emptyList (7 bytes)
Event: 16.354 Thread 0x000002130a522bc0 nmethod 5900 0x0000021300888a10 code [0x0000021300888ba0, 0x0000021300888c50]
Event: 16.354 Thread 0x000002130a522bc0 5901       1       kotlin.reflect.jvm.internal.impl.serialization.deserialization.descriptors.DeserializedClassDescriptor::getContainingDeclaration (5 bytes)
Event: 16.354 Thread 0x000002130a522bc0 nmethod 5901 0x0000021300888710 code [0x00000213008888a0, 0x0000021300888970]
Event: 16.354 Thread 0x000002130a522bc0 5902       1       kotlin.reflect.jvm.internal.impl.utils.WrappedValues::unescapeThrowable (44 bytes)
Event: 16.355 Thread 0x000002130a522bc0 nmethod 5902 0x0000021300888110 code [0x00000213008882e0, 0x0000021300888560]
Event: 16.355 Thread 0x000002130a522bc0 5903       1       kotlin.reflect.jvm.internal.impl.storage.LockBasedStorageManager$LockBasedNotNullLazyValue::invoke (35 bytes)
Event: 16.355 Thread 0x000002130a522bc0 nmethod 5903 0x0000021300887d90 code [0x0000021300887f40, 0x0000021300888060]
Event: 16.355 Thread 0x000002130a522bc0 5905       1       kotlin.reflect.jvm.internal.impl.storage.DefaultSimpleLock::lock (10 bytes)
Event: 16.355 Thread 0x000002130a522bc0 nmethod 5905 0x0000021300887a10 code [0x0000021300887bc0, 0x0000021300887cb8]
Event: 16.355 Thread 0x000002130a522bc0 5904       1       kotlin.reflect.jvm.internal.impl.metadata.ProtoBuf$Visibility::getNumber (5 bytes)
Event: 16.355 Thread 0x000002130a522bc0 nmethod 5904 0x0000021300887710 code [0x00000213008878a0, 0x0000021300887968]
Event: 16.355 Thread 0x000002130a522bc0 5906       1       kotlin.reflect.jvm.internal.impl.storage.DefaultSimpleLock::unlock (10 bytes)
Event: 16.355 Thread 0x000002130a522bc0 nmethod 5906 0x0000021300887390 code [0x0000021300887540, 0x0000021300887638]

GC Heap History (20 events):
Event: 0.992 GC heap before
{Heap before GC invocations=5 (full 0):
 garbage-first heap   total 49152K, used 32014K [0x000000070a800000, 0x0000000800000000)
  region size 2048K, 12 young (24576K), 2 survivors (4096K)
 Metaspace       used 20335K, committed 20672K, reserved 1114112K
  class space    used 2586K, committed 2752K, reserved 1048576K
}
Event: 0.995 GC heap after
{Heap after GC invocations=6 (full 0):
 garbage-first heap   total 151552K, used 14865K [0x000000070a800000, 0x0000000800000000)
  region size 2048K, 2 young (4096K), 2 survivors (4096K)
 Metaspace       used 20335K, committed 20672K, reserved 1114112K
  class space    used 2586K, committed 2752K, reserved 1048576K
}
Event: 1.023 GC heap before
{Heap before GC invocations=6 (full 0):
 garbage-first heap   total 151552K, used 18961K [0x000000070a800000, 0x0000000800000000)
  region size 2048K, 5 young (10240K), 2 survivors (4096K)
 Metaspace       used 21114K, committed 21504K, reserved 1114112K
  class space    used 2650K, committed 2816K, reserved 1048576K
}
Event: 1.026 GC heap after
{Heap after GC invocations=7 (full 0):
 garbage-first heap   total 151552K, used 14608K [0x000000070a800000, 0x0000000800000000)
  region size 2048K, 2 young (4096K), 2 survivors (4096K)
 Metaspace       used 21114K, committed 21504K, reserved 1114112K
  class space    used 2650K, committed 2816K, reserved 1048576K
}
Event: 1.166 GC heap before
{Heap before GC invocations=8 (full 0):
 garbage-first heap   total 55296K, used 43280K [0x000000070a800000, 0x0000000800000000)
  region size 2048K, 16 young (32768K), 2 survivors (4096K)
 Metaspace       used 24855K, committed 25280K, reserved 1114112K
  class space    used 3140K, committed 3328K, reserved 1048576K
}
Event: 1.168 GC heap after
{Heap after GC invocations=9 (full 0):
 garbage-first heap   total 55296K, used 16773K [0x000000070a800000, 0x0000000800000000)
  region size 2048K, 2 young (4096K), 2 survivors (4096K)
 Metaspace       used 24855K, committed 25280K, reserved 1114112K
  class space    used 3140K, committed 3328K, reserved 1048576K
}
Event: 1.337 GC heap before
{Heap before GC invocations=9 (full 0):
 garbage-first heap   total 55296K, used 43397K [0x000000070a800000, 0x0000000800000000)
  region size 2048K, 15 young (30720K), 2 survivors (4096K)
 Metaspace       used 27535K, committed 27968K, reserved 1114112K
  class space    used 3529K, committed 3712K, reserved 1048576K
}
Event: 1.340 GC heap after
{Heap after GC invocations=10 (full 0):
 garbage-first heap   total 55296K, used 19365K [0x000000070a800000, 0x0000000800000000)
  region size 2048K, 2 young (4096K), 2 survivors (4096K)
 Metaspace       used 27535K, committed 27968K, reserved 1114112K
  class space    used 3529K, committed 3712K, reserved 1048576K
}
Event: 1.562 GC heap before
{Heap before GC invocations=10 (full 0):
 garbage-first heap   total 55296K, used 39845K [0x000000070a800000, 0x0000000800000000)
  region size 2048K, 13 young (26624K), 2 survivors (4096K)
 Metaspace       used 29986K, committed 30464K, reserved 1114112K
  class space    used 3871K, committed 4096K, reserved 1048576K
}
Event: 1.564 GC heap after
{Heap after GC invocations=11 (full 0):
 garbage-first heap   total 153600K, used 21121K [0x000000070a800000, 0x0000000800000000)
  region size 2048K, 1 young (2048K), 1 survivors (2048K)
 Metaspace       used 29986K, committed 30464K, reserved 1114112K
  class space    used 3871K, committed 4096K, reserved 1048576K
}
Event: 2.003 GC heap before
{Heap before GC invocations=11 (full 0):
 garbage-first heap   total 153600K, used 60033K [0x000000070a800000, 0x0000000800000000)
  region size 2048K, 22 young (45056K), 1 survivors (2048K)
 Metaspace       used 35408K, committed 35968K, reserved 1114112K
  class space    used 4665K, committed 4928K, reserved 1048576K
}
Event: 2.006 GC heap after
{Heap after GC invocations=12 (full 0):
 garbage-first heap   total 153600K, used 24286K [0x000000070a800000, 0x0000000800000000)
  region size 2048K, 3 young (6144K), 3 survivors (6144K)
 Metaspace       used 35408K, committed 35968K, reserved 1114112K
  class space    used 4665K, committed 4928K, reserved 1048576K
}
Event: 2.479 GC heap before
{Heap before GC invocations=13 (full 0):
 garbage-first heap   total 90112K, used 71390K [0x000000070a800000, 0x0000000800000000)
  region size 2048K, 26 young (53248K), 3 survivors (6144K)
 Metaspace       used 43132K, committed 43776K, reserved 1114112K
  class space    used 5858K, committed 6144K, reserved 1048576K
}
Event: 2.482 GC heap after
{Heap after GC invocations=14 (full 0):
 garbage-first heap   total 90112K, used 26760K [0x000000070a800000, 0x0000000800000000)
  region size 2048K, 3 young (6144K), 3 survivors (6144K)
 Metaspace       used 43132K, committed 43776K, reserved 1114112K
  class space    used 5858K, committed 6144K, reserved 1048576K
}
Event: 4.001 GC heap before
{Heap before GC invocations=14 (full 0):
 garbage-first heap   total 90112K, used 73864K [0x000000070a800000, 0x0000000800000000)
  region size 2048K, 26 young (53248K), 3 survivors (6144K)
 Metaspace       used 54303K, committed 54976K, reserved 1114112K
  class space    used 7493K, committed 7808K, reserved 1048576K
}
Event: 4.004 GC heap after
{Heap after GC invocations=15 (full 0):
 garbage-first heap   total 90112K, used 28234K [0x000000070a800000, 0x0000000800000000)
  region size 2048K, 3 young (6144K), 3 survivors (6144K)
 Metaspace       used 54303K, committed 54976K, reserved 1114112K
  class space    used 7493K, committed 7808K, reserved 1048576K
}
Event: 4.270 GC heap before
{Heap before GC invocations=15 (full 0):
 garbage-first heap   total 90112K, used 52810K [0x000000070a800000, 0x0000000800000000)
  region size 2048K, 16 young (32768K), 3 survivors (6144K)
 Metaspace       used 59431K, committed 60160K, reserved 1114112K
  class space    used 8167K, committed 8512K, reserved 1048576K
}
Event: 4.273 GC heap after
{Heap after GC invocations=16 (full 0):
 garbage-first heap   total 90112K, used 29355K [0x000000070a800000, 0x0000000800000000)
  region size 2048K, 3 young (6144K), 3 survivors (6144K)
 Metaspace       used 59431K, committed 60160K, reserved 1114112K
  class space    used 8167K, committed 8512K, reserved 1048576K
}
Event: 4.775 GC heap before
{Heap before GC invocations=17 (full 0):
 garbage-first heap   total 90112K, used 76459K [0x000000070a800000, 0x0000000800000000)
  region size 2048K, 26 young (53248K), 3 survivors (6144K)
 Metaspace       used 65031K, committed 65792K, reserved 1114112K
  class space    used 9050K, committed 9408K, reserved 1048576K
}
Event: 4.779 GC heap after
{Heap after GC invocations=18 (full 0):
 garbage-first heap   total 90112K, used 33989K [0x000000070a800000, 0x0000000800000000)
  region size 2048K, 4 young (8192K), 4 survivors (8192K)
 Metaspace       used 65031K, committed 65792K, reserved 1114112K
  class space    used 9050K, committed 9408K, reserved 1048576K
}

Dll operation events (13 events):
Event: 0.006 Loaded shared library C:\Users\mahes\.jdks\corretto-21.0.6\bin\java.dll
Event: 0.107 Loaded shared library C:\Users\mahes\.jdks\corretto-21.0.6\bin\zip.dll
Event: 0.110 Loaded shared library C:\Users\mahes\.jdks\corretto-21.0.6\bin\instrument.dll
Event: 0.115 Loaded shared library C:\Users\mahes\.jdks\corretto-21.0.6\bin\net.dll
Event: 0.116 Loaded shared library C:\Users\mahes\.jdks\corretto-21.0.6\bin\nio.dll
Event: 0.119 Loaded shared library C:\Users\mahes\.jdks\corretto-21.0.6\bin\zip.dll
Event: 0.151 Loaded shared library C:\Users\mahes\.jdks\corretto-21.0.6\bin\jimage.dll
Event: 0.191 Loaded shared library C:\Users\mahes\.jdks\corretto-21.0.6\bin\extnet.dll
Event: 0.197 Loaded shared library C:\Users\mahes\.jdks\corretto-21.0.6\bin\management.dll
Event: 0.203 Loaded shared library C:\Users\mahes\.jdks\corretto-21.0.6\bin\management_ext.dll
Event: 1.313 Loaded shared library C:\Users\mahes\.jdks\corretto-21.0.6\bin\sunmscapi.dll
Event: 1.539 Loaded shared library C:\Users\mahes\.jdks\corretto-21.0.6\bin\verify.dll
Event: 16.361 Loaded shared library D:\softwareDevFolder\ideaProjects\majorapplication\rustSpringdll\zkp_proximity.dll

Deoptimization events (0 events):
No events

Classes loaded (20 events):
Event: 16.249 Loading class java/util/concurrent/Semaphore
Event: 16.250 Loading class java/util/concurrent/Semaphore done
Event: 16.250 Loading class java/util/concurrent/Semaphore$NonfairSync
Event: 16.250 Loading class java/util/concurrent/Semaphore$Sync
Event: 16.250 Loading class java/util/concurrent/Semaphore$Sync done
Event: 16.250 Loading class java/util/concurrent/Semaphore$NonfairSync done
Event: 16.250 Loading class sun/nio/ch/SocketAdaptor
Event: 16.250 Loading class sun/nio/ch/SocketAdaptor done
Event: 16.252 Loading class sun/nio/ch/SocketChannelImpl$DefaultOptionsHolder
Event: 16.252 Loading class sun/nio/ch/SocketChannelImpl$DefaultOptionsHolder done
Event: 16.283 Loading class sun/nio/cs/ThreadLocalCoders
Event: 16.284 Loading class sun/nio/cs/ThreadLocalCoders done
Event: 16.284 Loading class sun/nio/cs/ThreadLocalCoders$1
Event: 16.284 Loading class sun/nio/cs/ThreadLocalCoders$Cache
Event: 16.284 Loading class sun/nio/cs/ThreadLocalCoders$Cache done
Event: 16.284 Loading class sun/nio/cs/ThreadLocalCoders$1 done
Event: 16.284 Loading class sun/nio/cs/ThreadLocalCoders$2
Event: 16.284 Loading class sun/nio/cs/ThreadLocalCoders$2 done
Event: 16.361 Loading class jdk/internal/loader/NativeLibraries$Unloader
Event: 16.361 Loading class jdk/internal/loader/NativeLibraries$Unloader done

Classes unloaded (0 events):
No events

Classes redefined (0 events):
No events

Internal exceptions (20 events):
Event: 4.113 Thread 0x0000021350c33090 Exception <a 'java/lang/IncompatibleClassChangeError'{0x000000070f766440}: Found class java.lang.Object, but interface was expected> (0x000000070f766440) 
thrown [s\src\hotspot\share\interpreter\linkResolver.cpp, line 840]
Event: 4.119 Thread 0x0000021350c33090 Exception <a 'java/lang/NoSuchMethodError'{0x000000070f7f0a98}: 'java.lang.Object java.lang.invoke.DirectMethodHandle$Holder.newInvokeSpecial(java.lang.Object, java.lang.Object, java.lang.Object, java.lang.Object, java.lang.Object, java.lang.Object, java.lang.Object, int)'> (0x000000070f7f0a98) 
thrown [s\src\hotspot\share\interpreter\linkResolver.cpp, line 773]
Event: 4.119 Thread 0x0000021350c33090 Exception <a 'java/lang/NoSuchMethodError'{0x000000070f7f50e8}: 'java.lang.Object java.lang.invoke.DirectMethodHandle$Holder.invokeSpecial(java.lang.Object, java.lang.Object, java.lang.Object, java.lang.Object, java.lang.Object, java.lang.Object, java.lang.Object, java.lang.Object, int)'> (0x000000070f7f50e8) 
thrown [s\src\hotspot\share\interpreter\linkResolver.cpp, line 773]
Event: 4.120 Thread 0x0000021350c33090 Exception <a 'java/lang/NoSuchMethodError'{0x000000070f7f9120}: 'java.lang.Object java.lang.invoke.Invokers$Holder.linkToTargetMethod(java.lang.Object, java.lang.Object, java.lang.Object, java.lang.Object, java.lang.Object, java.lang.Object, int, java.lang.Object)'> (0x000000070f7f9120) 
thrown [s\src\hotspot\share\interpreter\linkResolver.cpp, line 773]
Event: 4.158 Thread 0x0000021350c33090 Exception <a 'java/lang/NoSuchMethodError'{0x000000070f3737e0}: 'void java.lang.invoke.Invokers$Holder.invokeExact_MT(java.lang.Object, java.lang.Object, java.lang.Object, java.lang.Object)'> (0x000000070f3737e0) 
thrown [s\src\hotspot\share\interpreter\linkResolver.cpp, line 773]
Event: 4.209 Thread 0x0000021350c33090 Exception <a 'java/lang/IncompatibleClassChangeError'{0x000000070ecb4b50}: Found class java.lang.Object, but interface was expected> (0x000000070ecb4b50) 
thrown [s\src\hotspot\share\interpreter\linkResolver.cpp, line 840]
Event: 4.231 Thread 0x0000021350c33090 Exception <a 'java/lang/IncompatibleClassChangeError'{0x000000070eaae1a0}: Found class java.lang.Object, but interface was expected> (0x000000070eaae1a0) 
thrown [s\src\hotspot\share\interpreter\linkResolver.cpp, line 840]
Event: 4.371 Thread 0x0000021350c33090 Exception <a 'java/lang/IncompatibleClassChangeError'{0x000000070f69fb88}: Found class java.lang.Object, but interface was expected> (0x000000070f69fb88) 
thrown [s\src\hotspot\share\interpreter\linkResolver.cpp, line 840]
Event: 4.418 Thread 0x0000021350c33090 Exception <a 'java/lang/NoSuchMethodError'{0x000000070f2988a8}: 'java.lang.Object java.lang.invoke.DirectMethodHandle$Holder.newInvokeSpecial(java.lang.Object, java.lang.Object, java.lang.Object, java.lang.Object, java.lang.Object, java.lang.Object, java.lang.Object, java.lang.Object)'> (0x000000070f2988a8) 
thrown [s\src\hotspot\share\interpreter\linkResolver.cpp, line 773]
Event: 4.527 Thread 0x0000021350c33090 Exception <a 'java/lang/IncompatibleClassChangeError'{0x000000070e97ee68}: Found class java.lang.Object, but interface was expected> (0x000000070e97ee68) 
thrown [s\src\hotspot\share\interpreter\linkResolver.cpp, line 840]
Event: 4.549 Thread 0x0000021350c33090 Exception <a 'java/lang/NoSuchMethodError'{0x000000070e7623b0}: 'void java.lang.invoke.DirectMethodHandle$Holder.invokeVirtual(java.lang.Object, java.lang.Object, long)'> (0x000000070e7623b0) 
thrown [s\src\hotspot\share\interpreter\linkResolver.cpp, line 773]
Event: 4.678 Thread 0x0000021350c33090 Exception <a 'java/lang/IncompatibleClassChangeError'{0x000000070d577f10}: Found class java.lang.Object, but interface was expected> (0x000000070d577f10) 
thrown [s\src\hotspot\share\interpreter\linkResolver.cpp, line 840]
Event: 4.726 Thread 0x0000021350c33090 Exception <a 'java/lang/NoSuchMethodError'{0x000000070ce83108}: 'java.lang.Object java.lang.invoke.Invokers$Holder.invoke_MT(java.lang.Object, java.lang.Object, java.lang.Object, java.lang.Object, java.lang.Object, java.lang.Object, java.lang.Object, java.lang.Object, java.lang.Object, java.lang.Object, java.lang.Object)'> (0x000000070ce83108) 
thrown [s\src\hotspot\share\interpreter\linkResolver.cpp, line 773]
Event: 4.795 Thread 0x0000021350c33090 Exception <a 'java/lang/NoSuchMethodError'{0x0000000719d34538}: 'java.lang.Object java.lang.invoke.DirectMethodHandle$Holder.newInvokeSpecial(java.lang.Object, java.lang.Object, int, java.lang.Object, java.lang.Object)'> (0x0000000719d34538) 
thrown [s\src\hotspot\share\interpreter\linkResolver.cpp, line 773]
Event: 4.861 Thread 0x0000021350c33090 Exception <a 'java/lang/UnsatisfiedLinkError'{0x0000000710ebc248}: 'int io.grpc.netty.shaded.io.netty.channel.epoll.Native.offsetofEpollData()'> (0x0000000710ebc248) 
thrown [s\src\hotspot\share\prims\nativeLookup.cpp, line 415]
Event: 4.862 Thread 0x0000021350c33090 Exception <a 'java/lang/ExceptionInInitializerError'{0x0000000710ebdd90}> (0x0000000710ebdd90) 
thrown [s\src\hotspot\share\oops\instanceKlass.cpp, line 1225]
Event: 4.862 Thread 0x0000021350c33090 Exception <a 'java/lang/NoSuchMethodError'{0x0000000710ebe940}: 'int java.lang.invoke.DelegatingMethodHandle$Holder.reinvoke_L(java.lang.Object)'> (0x0000000710ebe940) 
thrown [s\src\hotspot\share\interpreter\linkResolver.cpp, line 773]
Event: 5.135 Thread 0x000002130a615b70 Exception <a 'java/lang/NoSuchMethodError'{0x000000070ed1c3b8}: 'java.lang.Object java.lang.invoke.DirectMethodHandle$Holder.invokeInterface(java.lang.Object, java.lang.Object, java.lang.Object, java.lang.Object, java.lang.Object, java.lang.Object, java.lang.Object)'> (0x000000070ed1c3b8) 
thrown [s\src\hotspot\share\interpreter\linkResolver.cpp, line 773]
Event: 16.281 Thread 0x00000213537129f0 Exception <a 'java/lang/NoSuchMethodError'{0x000000070e89d2b8}: 'java.lang.Object java.lang.invoke.DirectMethodHandle$Holder.invokeSpecial(java.lang.Object, java.lang.Object, java.lang.Object, java.lang.Object, java.lang.Object, long)'> (0x000000070e89d2b8) 
thrown [s\src\hotspot\share\interpreter\linkResolver.cpp, line 773]
Event: 16.281 Thread 0x00000213537129f0 Exception <a 'java/lang/NoSuchMethodError'{0x000000070e8a0a98}: 'java.lang.Object java.lang.invoke.Invokers$Holder.linkToTargetMethod(java.lang.Object, java.lang.Object, java.lang.Object, long, java.lang.Object)'> (0x000000070e8a0a98) 
thrown [s\src\hotspot\share\interpreter\linkResolver.cpp, line 773]

ZGC Phase Switch (0 events):
No events

VM Operations (20 events):
Event: 4.532 Executing VM operation: HandshakeAllThreads (Deoptimize)
Event: 4.532 Executing VM operation: HandshakeAllThreads (Deoptimize) done
Event: 4.561 Executing VM operation: HandshakeAllThreads (Deoptimize)
Event: 4.561 Executing VM operation: HandshakeAllThreads (Deoptimize) done
Event: 4.775 Executing VM operation: G1CollectForAllocation (G1 Evacuation Pause)
Event: 4.779 Executing VM operation: G1CollectForAllocation (G1 Evacuation Pause) done
Event: 4.794 Executing VM operation: HandshakeAllThreads (Deoptimize)
Event: 4.794 Executing VM operation: HandshakeAllThreads (Deoptimize) done
Event: 4.930 Executing VM operation: HandshakeAllThreads (Deoptimize)
Event: 4.931 Executing VM operation: HandshakeAllThreads (Deoptimize) done
Event: 5.939 Executing VM operation: Cleanup
Event: 5.939 Executing VM operation: Cleanup done
Event: 11.974 Executing VM operation: Cleanup
Event: 11.974 Executing VM operation: Cleanup done
Event: 16.251 Executing VM operation: HandshakeAllThreads (Deoptimize)
Event: 16.252 Executing VM operation: HandshakeAllThreads (Deoptimize) done
Event: 16.294 Executing VM operation: HandshakeAllThreads (Deoptimize)
Event: 16.294 Executing VM operation: HandshakeAllThreads (Deoptimize) done
Event: 16.294 Executing VM operation: Cleanup
Event: 16.294 Executing VM operation: Cleanup done

Memory protections (0 events):
No events

Nmethod flushes (20 events):
Event: 4.284 Thread 0x0000021309910b00 flushing  nmethod 0x0000021300556990
Event: 4.284 Thread 0x0000021309910b00 flushing  nmethod 0x0000021300556e10
Event: 4.284 Thread 0x0000021309910b00 flushing  nmethod 0x0000021300557f90
Event: 4.284 Thread 0x0000021309910b00 flushing  nmethod 0x0000021300594a90
Event: 4.284 Thread 0x0000021309910b00 flushing  nmethod 0x0000021300595f10
Event: 4.284 Thread 0x0000021309910b00 flushing  nmethod 0x0000021300597c10
Event: 4.284 Thread 0x0000021309910b00 flushing  nmethod 0x0000021300597f10
Event: 4.284 Thread 0x0000021309910b00 flushing  nmethod 0x000002130064de10
Event: 4.284 Thread 0x0000021309910b00 flushing  nmethod 0x000002130069b010
Event: 4.284 Thread 0x0000021309910b00 flushing  nmethod 0x000002130069b310
Event: 4.284 Thread 0x0000021309910b00 flushing  nmethod 0x000002130069b790
Event: 4.284 Thread 0x0000021309910b00 flushing  nmethod 0x00000213006eee90
Event: 4.284 Thread 0x0000021309910b00 flushing  nmethod 0x00000213006f2b10
Event: 4.284 Thread 0x0000021309910b00 flushing  nmethod 0x00000213006f3310
Event: 4.284 Thread 0x0000021309910b00 flushing  nmethod 0x00000213006f3690
Event: 4.284 Thread 0x0000021309910b00 flushing  nmethod 0x00000213006f3f10
Event: 4.284 Thread 0x0000021309910b00 flushing  nmethod 0x000002130072f110
Event: 4.284 Thread 0x0000021309910b00 flushing  nmethod 0x0000021300730b10
Event: 4.284 Thread 0x0000021309910b00 flushing  nmethod 0x0000021300732f10
Event: 4.284 Thread 0x0000021309910b00 flushing  nmethod 0x0000021300c8fb10

Events (20 events):
Event: 4.810 Thread 0x0000021350c33090 Thread added: 0x000002135371f730
Event: 4.943 Thread 0x0000021350c33090 Thread added: 0x000002135371fdc0
Event: 4.976 Thread 0x0000021350c33090 Thread added: 0x0000021353720ae0
Event: 4.985 Thread 0x0000021350c33090 Thread exited: 0x0000021350c33090
Event: 4.986 Thread 0x000002130a614e50 Thread exited: 0x000002130a614e50
Event: 4.987 Thread 0x00000213769ea4c0 Thread exited: 0x00000213769ea4c0
Event: 4.987 Thread 0x000002135371f0a0 Thread added: 0x000002135371f0a0
Event: 5.130 Thread 0x000002130a615b70 Thread added: 0x0000021353723240
Event: 5.133 Thread 0x0000021353723240 Thread exited: 0x0000021353723240
Event: 5.133 Thread 0x000002130a615b70 Thread added: 0x0000021353721170
Event: 5.137 Thread 0x0000021353721170 Thread exited: 0x0000021353721170
Event: 5.138 Thread 0x000002130a615b70 Thread added: 0x0000021353722bb0
Event: 5.141 Thread 0x0000021353722bb0 Thread exited: 0x0000021353722bb0
Event: 5.784 Thread 0x0000021351175650 Thread exited: 0x0000021351175650
Event: 6.398 Thread 0x0000021351174fb0 Thread exited: 0x0000021351174fb0
Event: 6.398 Thread 0x000002130a84cf30 Thread exited: 0x000002130a84cf30
Event: 7.429 Thread 0x000002130a847440 Thread exited: 0x000002130a847440
Event: 10.932 Thread 0x000002130a81edd0 Thread exited: 0x000002130a81edd0
Event: 10.932 Thread 0x000002130a647d20 Thread exited: 0x000002130a647d20
Event: 10.950 Thread 0x000002130a63d250 Thread exited: 0x000002130a63d250


Dynamic libraries:
0x00007ff67c3b0000 - 0x00007ff67c3be000 	C:\Users\mahes\.jdks\corretto-21.0.6\bin\java.exe
0x00007ff88bf20000 - 0x00007ff88c183000 	C:\WINDOWS\SYSTEM32\ntdll.dll
0x00007ff88b4f0000 - 0x00007ff88b5b7000 	C:\WINDOWS\System32\KERNEL32.DLL
0x00007ff889410000 - 0x00007ff8897d9000 	C:\WINDOWS\System32\KERNELBASE.dll
0x00007ff889200000 - 0x00007ff88934c000 	C:\WINDOWS\System32\ucrtbase.dll
0x00007ff86ae10000 - 0x00007ff86ae28000 	C:\Users\mahes\.jdks\corretto-21.0.6\bin\jli.dll
0x00007ff867440000 - 0x00007ff86745b000 	C:\Users\mahes\.jdks\corretto-21.0.6\bin\VCRUNTIME140.dll
0x00007ff889d40000 - 0x00007ff889f0a000 	C:\WINDOWS\System32\USER32.dll
0x00007ff86c040000 - 0x00007ff86c2d0000 	C:\WINDOWS\WinSxS\amd64_microsoft.windows.common-controls_6595b64144ccf1df_6.0.26100.3323_none_3e088096e3344490\COMCTL32.dll
0x00007ff8891d0000 - 0x00007ff8891f7000 	C:\WINDOWS\System32\win32u.dll
0x00007ff88b830000 - 0x00007ff88b85a000 	C:\WINDOWS\System32\GDI32.dll
0x00007ff88b8e0000 - 0x00007ff88b989000 	C:\WINDOWS\System32\msvcrt.dll
0x00007ff889960000 - 0x00007ff889a91000 	C:\WINDOWS\System32\gdi32full.dll
0x00007ff889120000 - 0x00007ff8891c3000 	C:\WINDOWS\System32\msvcp_win.dll
0x00007ff88bd80000 - 0x00007ff88bdaf000 	C:\WINDOWS\System32\IMM32.DLL
0x00007ff86ab70000 - 0x00007ff86ab7c000 	C:\Users\mahes\.jdks\corretto-21.0.6\bin\vcruntime140_1.dll
0x00007ff847d20000 - 0x00007ff847dad000 	C:\Users\mahes\.jdks\corretto-21.0.6\bin\msvcp140.dll
0x00007fffe5730000 - 0x00007fffe64cf000 	C:\Users\mahes\.jdks\corretto-21.0.6\bin\server\jvm.dll
0x00007ff88bbc0000 - 0x00007ff88bc72000 	C:\WINDOWS\System32\ADVAPI32.dll
0x00007ff88b770000 - 0x00007ff88b816000 	C:\WINDOWS\System32\sechost.dll
0x00007ff88bdc0000 - 0x00007ff88bed6000 	C:\WINDOWS\System32\RPCRT4.dll
0x00007ff88b990000 - 0x00007ff88ba04000 	C:\WINDOWS\System32\WS2_32.dll
0x00007ff888fb0000 - 0x00007ff888ffe000 	C:\WINDOWS\SYSTEM32\POWRPROF.dll
0x00007ff881550000 - 0x00007ff88155b000 	C:\WINDOWS\SYSTEM32\VERSION.dll
0x00007ff87f680000 - 0x00007ff87f6b6000 	C:\WINDOWS\SYSTEM32\WINMM.dll
0x00007ff888f90000 - 0x00007ff888fa4000 	C:\WINDOWS\SYSTEM32\UMPDC.dll
0x00007ff887f40000 - 0x00007ff887f5a000 	C:\WINDOWS\SYSTEM32\kernel.appcore.dll
0x00007ff865440000 - 0x00007ff86544a000 	C:\Users\mahes\.jdks\corretto-21.0.6\bin\jimage.dll
0x00007ff87b190000 - 0x00007ff87b3d1000 	C:\WINDOWS\SYSTEM32\DBGHELP.DLL
0x00007ff88afd0000 - 0x00007ff88b352000 	C:\WINDOWS\System32\combase.dll
0x00007ff88aea0000 - 0x00007ff88af76000 	C:\WINDOWS\System32\OLEAUT32.dll
0x00007ff828cc0000 - 0x00007ff828cf9000 	C:\WINDOWS\SYSTEM32\dbgcore.DLL
0x00007ff889ca0000 - 0x00007ff889d39000 	C:\WINDOWS\System32\bcryptPrimitives.dll
0x00007ff864f00000 - 0x00007ff864f0e000 	C:\Users\mahes\.jdks\corretto-21.0.6\bin\instrument.dll
0x00007ff860330000 - 0x00007ff86034f000 	C:\Users\mahes\.jdks\corretto-21.0.6\bin\java.dll
0x00007ff88a0f0000 - 0x00007ff88a805000 	C:\WINDOWS\System32\SHELL32.dll
0x00007ff889b30000 - 0x00007ff889c98000 	C:\WINDOWS\System32\wintypes.dll
0x00007ff886de0000 - 0x00007ff887625000 	C:\WINDOWS\SYSTEM32\windows.storage.dll
0x00007ff88b360000 - 0x00007ff88b44b000 	C:\WINDOWS\System32\SHCORE.dll
0x00007ff88aca0000 - 0x00007ff88acfd000 	C:\WINDOWS\System32\shlwapi.dll
0x00007ff889030000 - 0x00007ff88905f000 	C:\WINDOWS\SYSTEM32\profapi.dll
0x00007ff85f630000 - 0x00007ff85f648000 	C:\Users\mahes\.jdks\corretto-21.0.6\bin\zip.dll
0x00007ff864b90000 - 0x00007ff864ba0000 	C:\Users\mahes\.jdks\corretto-21.0.6\bin\net.dll
0x00007ff8817c0000 - 0x00007ff8818de000 	C:\WINDOWS\SYSTEM32\WINHTTP.dll
0x00007ff888460000 - 0x00007ff8884ca000 	C:\WINDOWS\system32\mswsock.dll
0x00007ff85eef0000 - 0x00007ff85ef06000 	C:\Users\mahes\.jdks\corretto-21.0.6\bin\nio.dll
0x00007ff887a30000 - 0x00007ff887b55000 	C:\WINDOWS\SYSTEM32\DNSAPI.dll
0x00007ff8879f0000 - 0x00007ff887a23000 	C:\WINDOWS\SYSTEM32\IPHLPAPI.DLL
0x00007ff88b820000 - 0x00007ff88b82a000 	C:\WINDOWS\System32\NSI.dll
0x00007ff85eab0000 - 0x00007ff85eab9000 	C:\Users\mahes\.jdks\corretto-21.0.6\bin\extnet.dll
0x00007ff881940000 - 0x00007ff88194b000 	C:\Windows\System32\rasadhlp.dll
0x00007ff882e10000 - 0x00007ff882e95000 	C:\WINDOWS\System32\fwpuclnt.dll
0x00007ff85fed0000 - 0x00007ff85fed9000 	C:\Users\mahes\.jdks\corretto-21.0.6\bin\management.dll
0x00007ff85eff0000 - 0x00007ff85effb000 	C:\Users\mahes\.jdks\corretto-21.0.6\bin\management_ext.dll
0x00007ff88b460000 - 0x00007ff88b468000 	C:\WINDOWS\System32\PSAPI.DLL
0x00007ff888700000 - 0x00007ff88871c000 	C:\WINDOWS\SYSTEM32\CRYPTSP.dll
0x00007ff887ea0000 - 0x00007ff887eda000 	C:\WINDOWS\system32\rsaenh.dll
0x00007ff888500000 - 0x00007ff88852b000 	C:\WINDOWS\SYSTEM32\USERENV.dll
0x00007ff888940000 - 0x00007ff888966000 	C:\WINDOWS\SYSTEM32\bcrypt.dll
0x00007ff888720000 - 0x00007ff88872c000 	C:\WINDOWS\SYSTEM32\CRYPTBASE.dll
0x00007ff870050000 - 0x00007ff870068000 	C:\WINDOWS\system32\napinsp.dll
0x00007ff870030000 - 0x00007ff870042000 	C:\WINDOWS\System32\winrnr.dll
0x00007ff860240000 - 0x00007ff860262000 	C:\WINDOWS\system32\nlansp_c.dll
0x00007ff8814f0000 - 0x00007ff881506000 	C:\WINDOWS\system32\wshbth.dll
0x00007ff868850000 - 0x00007ff86889e000 	C:\WINDOWS\SYSTEM32\pdh.dll
0x00007ff884110000 - 0x00007ff884122000 	C:\WINDOWS\System32\perfproc.dll
0x00007ff860270000 - 0x00007ff860281000 	C:\WINDOWS\System32\perfos.dll
0x00007ff887650000 - 0x00007ff887662000 	C:\WINDOWS\SYSTEM32\pfclient.dll
0x00007ff85d930000 - 0x00007ff85d93e000 	C:\Users\mahes\.jdks\corretto-21.0.6\bin\sunmscapi.dll
0x00007ff8897e0000 - 0x00007ff889957000 	C:\WINDOWS\System32\CRYPT32.dll
0x00007ff888900000 - 0x00007ff888930000 	C:\WINDOWS\SYSTEM32\ncrypt.dll
0x00007ff8888b0000 - 0x00007ff8888ef000 	C:\WINDOWS\SYSTEM32\NTASN1.dll
0x00007ff864560000 - 0x00007ff864570000 	C:\Users\mahes\.jdks\corretto-21.0.6\bin\verify.dll
0x00007ff84bf10000 - 0x00007ff84bf18000 	C:\WINDOWS\system32\wshunix.dll
0x00007fffe3bb0000 - 0x00007fffe3d56000 	D:\softwareDevFolder\ideaProjects\majorapplication\rustSpringdll\zkp_proximity.dll

dbghelp: loaded successfully - version: 4.0.5 - missing functions: none
symbol engine: initialized successfully - sym options: 0x614 - pdb path: .;C:\Users\mahes\.jdks\corretto-21.0.6\bin;C:\WINDOWS\SYSTEM32;C:\WINDOWS\WinSxS\amd64_microsoft.windows.common-controls_6595b64144ccf1df_6.0.26100.3323_none_3e088096e3344490;C:\Users\mahes\.jdks\corretto-21.0.6\bin\server;D:\softwareDevFolder\ideaProjects\majorapplication\rustSpringdll

VM Arguments:
jvm_args: -XX:TieredStopAtLevel=1 -Dspring.output.ansi.enabled=always -Dcom.sun.management.jmxremote -Dspring.jmx.enabled=true -Dspring.liveBeansView.mbeanDomain -Dspring.application.admin.enabled=true -Dmanagement.endpoints.jmx.exposure.include=* -javaagent:D:\Apps\Jetbrains\IntelliJ IDEA Ultimate\lib\idea_rt.jar=56924 -Dfile.encoding=UTF-8 -Dsun.stdout.encoding=UTF-8 -Dsun.stderr.encoding=UTF-8 
java_command: com.example.majorapplication.MajorApplicationKt
java_class_path (initial): D:\softwareDevFolder\ideaProjects\majorapplication\build\classes\java\main;D:\softwareDevFolder\ideaProjects\majorapplication\build\classes\kotlin\main;D:\softwareDevFolder\ideaProjects\majorapplication\build\resources\main;C:\Users\mahes\.gradle\caches\modules-2\files-2.1\org.springframework.boot\spring-boot-configuration-processor\3.4.3\a858f31605a612bf649adfe49c000f530d5c27c\spring-boot-configuration-processor-3.4.3.jar;C:\Users\mahes\.gradle\caches\modules-2\files-2.1\org.projectlombok\lombok\1.18.34\ec547ef414ab1d2c040118fb9c1c265ada63af14\lombok-1.18.34.jar;C:\Users\mahes\.gradle\caches\modules-2\files-2.1\org.springframework.boot\spring-boot-starter-web\3.4.3\87e7a401e7d249fefc7f372f5681e8620234624c\spring-boot-starter-web-3.4.3.jar;C:\Users\mahes\.gradle\caches\modules-2\files-2.1\com.fasterxml.jackson.module\jackson-module-kotlin\2.18.2\64d2a72bacd16a9bb46db5662396dd0b606992d4\jackson-module-kotlin-2.18.2.jar;C:\Users\mahes\.gradle\caches\modules-2\files-2.1\org.jetbrains.kotlin\kotlin-reflect\2.1.10\b6dfc50c112d7cd89b350fef16d810c77acae209\kotlin-reflect-2.1.10.jar;C:\Users\mahes\.gradle\caches\modules-2\files-2.1\io.github.microutils\kotlin-logging-jvm\3.0.4\fb66155bec41f7c2c8b9be53dbb7c191c83b9415\kotlin-logging-jvm-3.0.4.jar;C:\Users\mahes\.gradle\caches\modules-2\files-2.1\org.jetbrains.kotlin\kotlin-stdlib\2.1.10\d3028429e7151d7a7c1a0d63a4f60eac86a87b91\kotlin-stdlib-2.1.10.jar;C:\Users\mahes\.gradle\caches\modules-2\files-2.1\org.springframework.boot\spring-boot-starter-data-jpa\3.4.3\29c90fec6e887dc01df09ea4c3548b5a04b7afb4\spring-boot-starter-data-jpa-3.4.3.jar;C:\Users\mahes\.gradle\caches\modules-2\files-2.1\org.postgresql\postgresql\42.7.5\747897987b86c741fb8b56f6b81929ae1e6e4b46\postgresql-42.7.5.jar;C:\Users\mahes\.gradle\caches\modules-2\files-2.1\net.devh\grpc-spring-boot-starter\2.14.0.RELEASE\78a89480fe72763546fc6cda0cf84481e86a4fde\grpc-spring-boot-starter-2.14.0.RELEASE.jar;C:\Users\mahes\.gradle\caches\modules-2\files-2.1\io.grpc\grpc-protobuf\1.53.0\41f37de10ef5e4a30cbb9ef89405b864b9342f5e\grpc-protobuf-1.53.0.jar;C:\Users\mahes\.gradle\caches\modules-2\files-2.1\com.google.protobuf\protobuf-java\3.21.12\5589e79a33cb6509f7e681d7cf4fc59d47c51c71\protobuf-java-3.21.12.jar;C:\Users\mahes\.gradle\caches\modules-2\files-2.1\io.grpc\grpc-kotlin-stub\1.3.0\4d0102df09897f3dc6144ea9d8a9bd9a8a622503\grpc-kotlin-stub-1.3.0.jar;C:\Users\mahes\.gradle\caches\modules-2\files-2.1\io.grpc\grpc-stub\1.53.0\391663182785fdb6f92486f432e927cff60c6bcf\grpc-stub-1.53.0.jar;C:\Users\mahes\.gradle\caches\modules-2\files-2.1\io.grpc\grpc-netty\1.53.0\dd6088f048629487133ca3549264938d8d7443f\grpc-netty-1.53.0.jar;C:\Users\mahes\.gradle\caches\modules-2\files-2.1\javax.annotation\javax.annotation-api\1.3.2\934c04d3cfef185a8008e7bf34331b79730a9d43\javax.annotation-api-1.3.2.jar;C:\Users\mahes\.gradle\caches\modules-2\files-2.1\org.springframework.boot\spring-boot-starter-json\3.4.3\7a4d63165404da67ed3802678994c21a0763723\spring-boot-starter-json-3.4.3.jar;C:\Users\mahes\.gradle\caches\modules-2\files-2.1\org.springframework.boot\spring-boot-starter\3.4.3\247fdc05cd6de013c3fd26628fa221dd095b391\spring-boot-starter-3.4.3.jar;C:\Users\mahes\.gradle\caches\modules-2\files-2.1\org.springframework.boot\spring-boot-starter-tomcat\3.4.3\40246b02bf8bf905dd5fb3d57f48bfc2c9b49bb9\spring-boot-starter-tomcat-3.4.3.jar;C:\Users\mahes\.gradle\caches\modules-2\files-2.1\org.springframework\spring-webmvc\6.2.3\485f6e351bba471fc8f841f39eaf6488896369ff\spring-webmvc-6.2.3.jar;C:\Users\mahes\.gradle\caches\modules-2\files-2.1\org.springframework\spring-web\6.2.3\662ac5ee41af27d183f97032b2fec2b652d379f5\spring-web-6.2.3.jar;C:\Users\mahes\.gradle\caches\modules-2\files-2.1\com.fasterxml.jackson.core\jackson-databind\2.18.2\deef8697b92141fb6caf7aa86966cff4eec9b04f\jackson-databind-2.18.2.jar;C:\Users\mahes\.gradle\caches\modules-2\files-2.1\com.fasterxml.jackson.core\jackson-annotations\2.18.2\985d77751ebc7fce5db115a986bc9aa82f973f4a\jackson-annotations-2.18.2.jar;C:\Users\mahes\.gradle\caches\modules-2\files-2.1\org.jetbrains.kotlin\kotlin-stdlib-jdk8\2.1.10\3009fa6a21ebb400fe38c70eaf218a0c669ddbe2\kotlin-stdlib-jdk8-2.1.10.jar;C:\Users\mahes\.gradle\caches\modules-2\files-2.1\org.slf4j\slf4j-api\2.0.16\172931663a09a1fa515567af5fbef00897d3c04\slf4j-api-2.0.16.jar;C:\Users\mahes\.gradle\caches\modules-2\files-2.1\org.jetbrains\annotations\13.0\919f0dfe192fb4e063e7dacadee7f8bb9a2672a9\annotations-13.0.jar;C:\Users\mahes\.gradle\caches\modules-2\files-2.1\org.springframework.boot\spring-boot-starter-jdbc\3.4.3\87c09bd67ea27fcd30d6413fdbc5bfa1f688e5e8\spring-boot-starter-jdbc-3.4.3.jar;C:\Users\mahes\.gradle\caches\modules-2\files-2.1\org.hibernate.orm\hibernate-core\6.6.8.Final\2738c642d5e505249faa2f923e03541aa6b96916\hibernate-core-6.6.8.Final.jar;C:\Users\mahes\.gradle\caches\modules-2\files-2.1\org.springframework.data\spring-data-jpa\3.4.3\7e4c0e9c14f4d971a9de6aff3c9beece2001480b\spring-data-jpa-3.4.3.jar;C:\Users\mahes\.gradle\caches\modules-2\files-2.1\org.springframework\spring-aspects\6.2.3\f90a794dd3f81a1addc0552bc091e3f85b2428de\spring-aspects-6.2.3.jar;C:\Users\mahes\.gradle\caches\modules-2\files-2.1\net.devh\grpc-server-spring-boot-starter\2.14.0.RELEASE\e1b2dfdb30b534bc95852d7da319302403a34def\grpc-server-spring-boot-starter-2.14.0.RELEASE.jar;C:\Users\mahes\.gradle\caches\modules-2\files-2.1\net.devh\grpc-client-spring-boot-starter\2.14.0.RELEASE\97b99020502789d703290c0e25147233c604e80c\grpc-client-spring-boot-starter-2.14.0.RELEASE.jar;C:\Users\mahes\.gradle\caches\modules-2\files-2.1\com.google.api.grpc\proto-google-common-protos\2.9.0\e4ada41aaaf6ecdedf132f44251d0d50813f7f90\proto-google-common-protos-2.9.0.jar;C:\Users\mahes\.gradle\caches\modules-2\files-2.1\io.grpc\grpc-protobuf-lite\1.53.0\e54a4ff36048a5a28d033791187b985dc5abbe73\grpc-protobuf-lite-1.53.0.jar;C:\Users\mahes\.gradle\caches\modules-2\files-2.1\io.grpc\grpc-api\1.53.0\968fdbb4369cbf03302b1137e52e97c4d49bd548\grpc-api-1.53.0.jar;C:\Users\mahes\.gradle\caches\modules-2\files-2.1\com.google.code.findbugs\jsr305\3.0.2\25ea2e8b0c338a877313bd4672d3fe056ea78f0d\jsr305-3.0.2.jar;C:\Users\mahes\.gradle\caches\modules-2\files-2.1\com.google.guava\guava\31.1-android\9222c47cc3ae890f07f7c961bbb3cb69050fe4aa\guava-31.1-android.jar;C:\Users\mahes\.gradle\caches\modules-2\files-2.1\io.grpc\grpc-core\1.53.0\be781334b80a78f11044813fba123826d2df4b6b\grpc-core-1.53.0.jar;C:\Users\mahes\.gradle\caches\modules-2\files-2.1\io.netty\netty-codec-http2\4.1.118.Final\e3c35c0685ec9e84c4f84b79feea7c9d185a08d3\netty-codec-http2-4.1.118.Final.jar;C:\Users\mahes\.gradle\caches\modules-2\files-2.1\com.fasterxml.jackson.datatype\jackson-datatype-jdk8\2.18.2\9ed6d538ebcc66864e114a7040953dce6ab6ea53\jackson-datatype-jdk8-2.18.2.jar;C:\Users\mahes\.gradle\caches\modules-2\files-2.1\com.fasterxml.jackson.datatype\jackson-datatype-jsr310\2.18.2\7b6ff96adf421f4c6edbd694e797dd8fe434510a\jackson-datatype-jsr310-2.18.2.jar;C:\Users\mahes\.gradle\caches\modules-2\files-2.1\com.fasterxml.jackson.module\jackson-module-parameter-names\2.18.2\72960cb3277347a748911d100c3302d60e8a616a\jackson-module-parameter-names-2.18.2.jar;C:\Users\mahes\.gradle\caches\modules-2\files-2.1\org.springframework.boot\spring-boot-starter-logging\3.4.3\e5aee6af32c2dbcc9fb379bcd6c5e5b931db93f1\spring-boot-starter-logging-3.4.3.jar;C:\Users\mahes\.gradle\caches\modules-2\files-2.1\org.springframework.boot\spring-boot-autoconfigure\3.4.3\6172c599082196b340910d67c5c790c32f10e417\spring-boot-autoconfigure-3.4.3.jar;C:\Users\mahes\.gradle\caches\modules-2\files-2.1\org.springframework.boot\spring-boot\3.4.3\a7138bcecd59ed27660b3894a7812d65db4951e6\spring-boot-3.4.3.jar;C:\Users\mahes\.gradle\caches\modules-2\files-2.1\jakarta.annotation\jakarta.annotation-api\2.1.1\48b9bda22b091b1f48b13af03fe36db3be6e1ae3\jakarta.annotation-api-2.1.1.jar;C:\Users\mahes\.gradle\caches\modules-2\files-2.1\org.springframework\spring-core\6.2.3\13ec11e345b915d7ceea37446f1b1eefdcaad62c\spring-core-6.2.3.jar;C:\Users\mahes\.gradle\caches\modules-2\files-2.1\org.yaml\snakeyaml\2.3\936b36210e27320f920536f695cf1af210c44586\snakeyaml-2.3.jar;C:\Users\mahes\.gradle\caches\modules-2\files-2.1\org.apache.tomcat.embed\tomcat-embed-websocket\10.1.36\222960bc8895aa543e405382094c7fb118544d0d\tomcat-embed-websocket-10.1.36.jar;C:\Users\mahes\.gradle\caches\modules-2\files-2.1\org.apache.tomcat.embed\tomcat-embed-core\10.1.36\3ccaa558e32e317e35d6674d65d7d9aa182e082f\tomcat-embed-core-10.1.36.jar;C:\Users\mahes\.gradle\caches\modules-2\files-2.1\org.apache.tomcat.embed\tomcat-embed-el\10.1.36\4e4235a18244af30bb32d9b5a9400fb8edb3bc20\tomcat-embed-el-10.1.36.jar;C:\Users\mahes\.gradle\caches\modules-2\files-2.1\org.springframework\spring-context\6.2.3\35acadc000b8aaff77e3412dd9acb51aa70c8515\spring-context-6.2.3.jar;C:\Users\mahes\.gradle\caches\modules-2\files-2.1\org.springframework\spring-aop\6.2.3\7983418fa64505d144b60826fb1352ad336c60a0\spring-aop-6.2.3.jar;C:\Users\mahes\.gradle\caches\modules-2\files-2.1\org.springframework\spring-beans\6.2.3\de660324c90e9b015886d85c746860478fa7d99c\spring-beans-6.2.3.jar;C:\Users\mahes\.gradle\caches\modules-2\files-2.1\org.springframework\spring-expression\6.2.3\bda43c7be1bb69cce2a380c2bbaf05062631d42d\spring-expression-6.2.3.jar;C:\Users\mahes\.gradle\caches\modules-2\files-2.1\io.micrometer\micrometer-observation\1.14.4\c17efe9e6695a0a849a95d0e77422516a345e779\micrometer-observation-1.14.4.jar;C:\Users\mahes\.gradle\caches\modules-2\files-2.1\com.fasterxml.jackson.core\jackson-core\2.18.2\fb64ccac5c27dca8819418eb4e443a9f496d9ee7\jackson-core-2.18.2.jar;C:\Users\mahes\.gradle\caches\modules-2\files-2.1\org.jetbrains.kotlin\kotlin-stdlib-jdk7\2.1.10\c9d8cb43c1d65c500ffbbb6eb591b9c8928caf6d\kotlin-stdlib-jdk7-2.1.10.jar;C:\Users\mahes\.gradle\caches\modules-2\files-2.1\com.zaxxer\HikariCP\5.1.0\8c96e36c14461fc436bb02b264b96ef3ca5dca8c\HikariCP-5.1.0.jar;C:\Users\mahes\.gradle\caches\modules-2\files-2.1\org.springframework\spring-jdbc\6.2.3\37a5f7fd424fe555a556138c8ac4f8d6dd312c19\spring-jdbc-6.2.3.jar;C:\Users\mahes\.gradle\caches\modules-2\files-2.1\jakarta.persistence\jakarta.persistence-api\3.1.0\66901fa1c373c6aff65c13791cc11da72060a8d6\jakarta.persistence-api-3.1.0.jar;C:\Users\mahes\.gradle\caches\modules-2\files-2.1\jakarta.transaction\jakarta.transaction-api\2.0.1\51a520e3fae406abb84e2e1148e6746ce3f80a1a\jakarta.transaction-api-2.0.1.jar;C:\Users\mahes\.gradle\caches\modules-2\files-2.1\org.springframework.data\spring-data-commons\3.4.3\2b61ff4aef4a81071ce7eaf1ec29ef9e553bf930\spring-data-commons-3.4.3.jar;C:\Users\mahes\.gradle\caches\modules-2\files-2.1\org.springframework\spring-orm\6.2.3\b99b9917702591c2ef0cfa7a9bff6bf757015437\spring-orm-6.2.3.jar;C:\Users\mahes\.gradle\caches\modules-2\files-2.1\org.springframework\spring-tx\6.2.3\29c8703a756f9a41bc8e14e2aae7890658c54abf\spring-tx-6.2.3.jar;C:\Users\mahes\.gradle\caches\modules-2\files-2.1\org.antlr\antlr4-runtime\4.13.0\5a02e48521624faaf5ff4d99afc88b01686af655\antlr4-runtime-4.13.0.jar;C:\Users\mahes\.gradle\caches\modules-2\files-2.1\org.aspectj\aspectjweaver\1.9.22.1\bca243d0af0db4758fbae45c5f4995cb5dabb612\aspectjweaver-1.9.22.1.jar;C:\Users\mahes\.gradle\caches\modules-2\files-2.1\net.devh\grpc-server-spring-boot-autoconfigure\2.14.0.RELEASE\de569db294e06e07d46e46ede4660ddf694f31f4\grpc-server-spring-boot-autoconfigure-2.14.0.RELEASE.jar;C:\Users\mahes\.gradle\caches\modules-2\files-2.1\net.devh\grpc-client-spring-boot-autoconfigure\2.14.0.RELEASE\351d156d67697f7893eb75e030cf2bd63303175e\grpc-client-spring-boot-autoconfigure-2.14.0.RELEASE.jar;C:\Users\mahes\.gradle\caches\modules-2\files-2.1\io.grpc\grpc-context\1.53.0\70aa77c3e715b6f22a42c466eb2f48031bc468fb\grpc-context-1.53.0.jar;C:\Users\mahes\.gradle\caches\modules-2\files-2.1\com.google.errorprone\error_prone_annotations\2.14.0\9f01b3654d3c536859705f09f8d267ee977b4004\error_prone_annotations-2.14.0.jar;C:\Users\mahes\.gradle\caches\modules-2\files-2.1\com.google.guava\failureaccess\1.0.1\1dcf1de382a0bf95a3d8b0849546c88bac1292c9\failureaccess-1.0.1.jar;C:\Users\mahes\.gradle\caches\modules-2\files-2.1\com.google.guava\listenablefuture\9999.0-empty-to-avoid-conflict-with-guava\b421526c5f297295adef1c886e5246c39d4ac629\listenablefuture-9999.0-empty-to-avoid-conflict-with-guava.jar;C:\Users\mahes\.gradle\caches\modules-2\files-2.1\org.checkerframework\checker-qual\3.12.0\d5692f0526415fcc6de94bb5bfbd3afd9dd3b3e5\checker-qual-3.12.0.jar;C:\Users\mahes\.gradle\caches\modules-2\files-2.1\com.google.j2objc\j2objc-annotations\1.3\ba035118bc8bac37d7eff77700720999acd9986d\j2objc-annotations-1.3.jar;C:\Users\mahes\.gradle\caches\modules-2\files-2.1\io.netty\netty-codec-http\4.1.118.Final\eda08a71294afe78c779b85fd696bc13491507a8\netty-codec-http-4.1.118.Final.jar;C:\Users\mahes\.gradle\caches\modules-2\files-2.1\io.netty\netty-handler\4.1.118.Final\30ebb05b6b0fb071dbfcf713017c4a767a97bb9b\netty-handler-4.1.118.Final.jar;C:\Users\mahes\.gradle\caches\modules-2\files-2.1\io.netty\netty-codec\4.1.118.Final\307f665c08ce57333121de4f460479fc0c3c94d4\netty-codec-4.1.118.Final.jar;C:\Users\mahes\.gradle\caches\modules-2\files-2.1\io.netty\netty-transport\4.1.118.Final\5a27232e5d08218722d94ca14f0b1b4576e7711c\netty-transport-4.1.118.Final.jar;C:\Users\mahes\.gradle\caches\modules-2\files-2.1\io.netty\netty-buffer\4.1.118.Final\7022990af1e0d449f9d5322035899745e19735c5\netty-buffer-4.1.118.Final.jar;C:\Users\mahes\.gradle\caches\modules-2\files-2.1\io.netty\netty-common\4.1.118.Final\4bb0f9899146484fa89f7b9bc27389d5b8e2ecde\netty-common-4.1.118.Final.jar;C:\Users\mahes\.gradle\caches\modules-2\files-2.1\ch.qos.logback\logback-classic\1.5.16\113979db51dfad6dc895b34460d7b7ff64ffe7d2\logback-classic-1.5.16.jar;C:\Users\mahes\.gradle\caches\modules-2\files-2.1\org.apache.logging.log4j\log4j-to-slf4j\2.24.3\da1143e2a2531ee1c2d90baa98eb50a28a39d5a7\log4j-to-slf4j-2.24.3.jar;C:\Users\mahes\.gradle\caches\modules-2\files-2.1\org.slf4j\jul-to-slf4j\2.0.16\6d57da3e961daac65bcca0dd3def6cd11e48a24a\jul-to-slf4j-2.0.16.jar;C:\Users\mahes\.gradle\caches\modules-2\files-2.1\org.springframework\spring-jcl\6.2.3\ce8bf55aa240fdeab07b3da1f462c79112a33aff\spring-jcl-6.2.3.jar;C:\Users\mahes\.gradle\caches\modules-2\files-2.1\io.micrometer\micrometer-commons\1.14.4\3664f95586514d8f9adc81a5f7a5ef9f66b65599\micrometer-commons-1.14.4.jar;C:\Users\mahes\.gradle\caches\modules-2\files-2.1\io.grpc\grpc-services\1.53.0\4e25f3e96eb18fcb251e53697cce549c4ede737d\grpc-services-1.53.0.jar;C:\Users\mahes\.gradle\caches\modules-2\files-2.1\net.devh\grpc-common-spring-boot\2.14.0.RELEASE\d6dfe42c792b252247d3c06de1b4f7c881727be4\grpc-common-spring-boot-2.14.0.RELEASE.jar;C:\Users\mahes\.gradle\caches\modules-2\files-2.1\io.grpc\grpc-netty-shaded\1.53.0\e302201caf3289e8a030b111d90fed64108b5957\grpc-netty-shaded-1.53.0.jar;C:\Users\mahes\.gradle\caches\modules-2\files-2.1\io.netty\netty-transport-native-unix-common\4.1.118.Final\9da25a94e6a0edac90da0bc7894e5a54efcb866b\netty-transport-native-unix-common-4.1.118.Final.jar;C:\Users\mahes\.gradle\caches\modules-2\files-2.1\io.netty\netty-resolver\4.1.118.Final\28c378c19c1779eca1104b400452627f3ebc4aea\netty-resolver-4.1.118.Final.jar;C:\Users\mahes\.gradle\caches\modules-2\files-2.1\ch.qos.logback\logback-core\1.5.16\4f17700f046900aea2fadf115e2d67fec921f7fd\logback-core-1.5.16.jar;C:\Users\mahes\.gradle\caches\modules-2\files-2.1\org.apache.logging.log4j\log4j-api\2.24.3\b02c125db8b6d295adf72ae6e71af5d83bce2370\log4j-api-2.24.3.jar;C:\Users\mahes\.gradle\caches\modules-2\files-2.1\org.springframework.boot\spring-boot-devtools\3.4.3\2ff7eda01cc1f445ddf1cc4a18fc4950634dbb33\spring-boot-devtools-3.4.3.jar;C:\Users\mahes\.gradle\caches\modules-2\files-2.1\org.jetbrains.kotlinx\kotlinx-coroutines-core-jvm\1.8.1\bb0e192bd7c2b6b8217440d36e9758e377e450\kotlinx-coroutines-core-jvm-1.8.1.jar;C:\Users\mahes\.gradle\caches\modules-2\files-2.1\org.jetbrains\annotations\23.0.0\8cc20c07506ec18e0834947b84a864bfc094484e\annotations-23.0.0.jar;C:\Users\mahes\.gradle\caches\modules-2\files-2.1\org.checkerframework\checker-qual\3.48.3\c48effe7d78de3cf5e8a98c614281ec6a2466a77\checker-qual-3.48.3.jar;C:\Users\mahes\.gradle\caches\modules-2\files-2.1\com.google.errorprone\error_prone_annotations\2.27.0\91b2c29d8a6148b5e2e4930f070d4840e2e48e34\error_prone_annotations-2.27.0.jar;C:\Users\mahes\.gradle\caches\modules-2\files-2.1\io.netty\netty-handler-proxy\4.1.118.Final\28d6c41b72df614e09440ae0bed53a43fbcfbe27\netty-handler-proxy-4.1.118.Final.jar;C:\Users\mahes\.gradle\caches\modules-2\files-2.1\io.perfmark\perfmark-api\0.25.0\340a0c3d81cdcd9ecd7dc2ae00fb2633b469b157\perfmark-api-0.25.0.jar;C:\Users\mahes\.gradle\caches\modules-2\files-2.1\org.jboss.logging\jboss-logging\3.6.1.Final\886afbb445b4016a37c8960a7aef6ebd769ce7e5\jboss-logging-3.6.1.Final.jar;C:\Users\mahes\.gradle\caches\modules-2\files-2.1\org.hibernate.common\hibernate-commons-annotations\7.0.3.Final\e183c4be8bb41d12e9f19b374e00c34a0a85f439\hibernate-commons-annotations-7.0.3.Final.jar;C:\Users\mahes\.gradle\caches\modules-2\files-2.1\io.smallrye\jandex\3.2.0\f17ad860f62a08487b9edabde608f8ac55c62fa7\jandex-3.2.0.jar;C:\Users\mahes\.gradle\caches\modules-2\files-2.1\com.fasterxml\classmate\1.7.0\e98374da1f2143ac8e6e0a95036994bb19137a3\classmate-1.7.0.jar;C:\Users\mahes\.gradle\caches\modules-2\files-2.1\net.bytebuddy\byte-buddy\1.15.11\f61886478e0f9ee4c21d09574736f0ff45e0a46c\byte-buddy-1.15.11.jar;C:\Users\mahes\.gradle\caches\modules-2\files-2.1\org.glassfish.jaxb\jaxb-runtime\4.0.5\ca84c2a7169b5293e232b9d00d1e4e36d4c3914a\jaxb-runtime-4.0.5.jar;C:\Users\mahes\.gradle\caches\modules-2\files-2.1\jakarta.xml.bind\jakarta.xml.bind-api\4.0.2\6cd5a999b834b63238005b7144136379dc36cad2\jakarta.xml.bind-api-4.0.2.jar;C:\Users\mahes\.gradle\caches\modules-2\files-2.1\jakarta.inject\jakarta.inject-api\2.0.1\4c28afe1991a941d7702fe1362c365f0a8641d1e\jakarta.inject-api-2.0.1.jar;C:\Users\mahes\.gradle\caches\modules-2\files-2.1\com.google.code.gson\gson\2.11.0\527175ca6d81050b53bdd4c457a6d6e017626b0e\gson-2.11.0.jar;C:\Users\mahes\.gradle\caches\modules-2\files-2.1\com.google.android\annotations\4.1.1.4\a1678ba907bf92691d879fef34e1a187038f9259\annotations-4.1.1.4.jar;C:\Users\mahes\.gradle\caches\modules-2\files-2.1\org.codehaus.mojo\animal-sniffer-annotations\1.21\419a9acd297cb6fe6f91b982d909f2c20e9fa5c0\animal-sniffer-annotations-1.21.jar;C:\Users\mahes\.gradle\caches\modules-2\files-2.1\io.netty\netty-codec-socks\4.1.118.Final\488a67579f062bba2d2d20ce46f9bb28a68b0875\netty-codec-socks-4.1.118.Final.jar;C:\Users\mahes\.gradle\caches\modules-2\files-2.1\org.glassfish.jaxb\jaxb-core\4.0.5\7b4b11ea5542eea4ad55e1080b23be436795b3\jaxb-core-4.0.5.jar;C:\Users\mahes\.gradle\caches\modules-2\files-2.1\jakarta.activation\jakarta.activation-api\2.1.3\fa165bd70cda600368eee31555222776a46b881f\jakarta.activation-api-2.1.3.jar;C:\Users\mahes\.gradle\caches\modules-2\files-2.1\org.eclipse.angus\angus-activation\2.0.2\41f1e0ddd157c856926ed149ab837d110955a9fc\angus-activation-2.0.2.jar;C:\Users\mahes\.gradle\caches\modules-2\files-2.1\org.glassfish.jaxb\txw2\4.0.5\f36a4ef12120a9bb06d766d6a0e54b144fd7ed98\txw2-4.0.5.jar;C:\Users\mahes\.gradle\caches\modules-2\files-2.1\com.sun.istack\istack-commons-runtime\4.1.2\18ec117c85f3ba0ac65409136afa8e42bc74e739\istack-commons-runtime-4.1.2.jar;C:\Users\mahes\.gradle\caches\modules-2\files-2.1\com.google.protobuf\protobuf-java-util\3.21.7\b379ede46ca813491f8588d1ab981cbf627e7dcc\protobuf-java-util-3.21.7.jar
Launcher Type: SUN_STANDARD

[Global flags]
     intx CICompilerCount                          = 12                                        {product} {ergonomic}
     uint ConcGCThreads                            = 3                                         {product} {ergonomic}
     uint G1ConcRefinementThreads                  = 13                                        {product} {ergonomic}
   size_t G1HeapRegionSize                         = 2097152                                   {product} {ergonomic}
    uintx GCDrainStackTargetSize                   = 64                                        {product} {ergonomic}
   size_t InitialHeapSize                          = 257949696                                 {product} {ergonomic}
     bool ManagementServer                         = true                                      {product} {command line}
   size_t MarkStackSize                            = 4194304                                   {product} {ergonomic}
   size_t MaxHeapSize                              = 4118806528                                {product} {ergonomic}
   size_t MaxNewSize                               = 2470445056                                {product} {ergonomic}
   size_t MinHeapDeltaBytes                        = 2097152                                   {product} {ergonomic}
   size_t MinHeapSize                              = 8388608                                   {product} {ergonomic}
    uintx NonNMethodCodeHeapSize                   = 4096                                   {pd product} {ergonomic}
    uintx NonProfiledCodeHeapSize                  = 0                                      {pd product} {ergonomic}
     bool ProfileInterpreter                       = false                                  {pd product} {command line}
    uintx ProfiledCodeHeapSize                     = 0                                      {pd product} {ergonomic}
   size_t SoftMaxHeapSize                          = 4118806528                             {manageable} {ergonomic}
     intx TieredStopAtLevel                        = 1                                         {product} {command line}
     bool UseCompressedOops                        = true                           {product lp64_product} {ergonomic}
     bool UseG1GC                                  = true                                      {product} {ergonomic}
     bool UseLargePagesIndividualAllocation        = false                                  {pd product} {ergonomic}

Logging:
Log output configuration:
 #0: stdout all=warning uptime,level,tags foldmultilines=false
 #1: stderr all=off uptime,level,tags foldmultilines=false

Environment Variables:
JAVA_HOME=D:\softwareDevFolder\jdk\oracleopenjdk22
PATH=D:\softwareDevFolder\cudnn\bin;D:\softwareDevFolder\cuda\bin;D:\softwareDevFolder\cuda\libnvvp;C:\Program Files\NVIDIA GPU Computing Toolkit\CUDA\v12.5\bin;C:\Program Files\NVIDIA GPU Computing Toolkit\CUDA\v12.5\libnvvp;D:\softwareDevFolder\python\Python312\Scripts;D:\softwareDevFolder\python\Python312;C:\WINDOWS\system32;C:\WINDOWS;C:\WINDOWS\System32\Wbem;C:\WINDOWS\System32\WindowsPowerShell\v1.0\;C:\WINDOWS\System32\OpenSSH\;C:\Users\mahes\AppData\Local\JetBrains\Toolbox\scripts;D:\softwareDevFolder\nodejs\;C:\ProgramData\chocolatey\bin;D:\softwareDevFolder\jdk\oracleopenjdk22\bin;C:\Users\mahes\AppData\Local\Pub\Cache\bin;C:\Program Files\Docker\Docker\resources\bin;C:\Program Files (x86)\NVIDIA Corporation\PhysX\Common;D:\softwareDevFolder\git\Git\cmd;C:\Program Files (x86)\Windows Kits\10\Windows Performance Toolkit\;D:\softwareDevFolder\Android\android;C:\Program Files\Amazon\AWSCLIV2\;\usr\bin:\bin;\bin:\usr\bin;C:\WINDOWS\system32;C:\WINDOWS;C:\WINDOWS\System32\Wbem;C:\WINDOWS\System32\WindowsPowerShell\v1.0\;C:\WINDOWS\System32\OpenSSH\;C:\Program Files\NVIDIA Corporation\Nsight Compute 2024.1.0\;D:\softwareDevFolder\cudnn\include\12.6;D:\softwareDevFolder\cudnn\bin\12.6;C:\Program Files\NVIDIA Corporation\NVIDIA NvDLISR;C:\Program Files (x86)\Microsoft Visual Studio\2022\BuildTools\VC\Tools\MSVC\14.40.33807\bin\Hostx64\x64;C:\Program Files (x86)\Microsoft Visual Studio\2022\BuildTools\VC\Tools\MSVC\14.40.33807\include;D:\softwareDevFolder\LLVM\bin;D:\softwareDevFolder\protocolBuffers\bin;D:\softwareDevFolder\ideaProjects\majorapplication\rustSpringdll;C:\Users\mahes\.cargo\bin;D:\softwareDevFolder\Anaconda;D:\softwareDevFolder\Anaconda\Library\mingw-w64\bin;D:\softwareDevFolder\Anaconda\Library\usr\bin;D:\softwareDevFolder\Anaconda\Library\bin;D:\softwareDevFolder\Anaconda\Scripts;C:\Users\mahes\AppData\Local\Microsoft\WindowsApps;C:\Users\mahes\AppData\Local\JetBrains\Toolbox\scripts;C:\Users\mahes\AppData\Roaming\npm;C:\Users\mahes\AppData\Local\Programs\Microsoft VS Code\bin;D:\softwareDevFolder\Flutter\flutter\bin;D:\softwareDevFolder\MingGW\bin;C:\Users\mahes\AppData\Local\Programs\MiKTeX\miktex\bin\x64\;C:\Users\mahes\AppData\Local\Microsoft\WindowsApps;
USERNAME=mahes
OS=Windows_NT
PROCESSOR_IDENTIFIER=AMD64 Family 25 Model 80 Stepping 0, AuthenticAMD
TMP=C:\Users\mahes\AppData\Local\Temp
TEMP=C:\Users\mahes\AppData\Local\Temp




Periodic native trim disabled

---------------  S Y S T E M  ---------------

OS:
 Windows 11 , 64 bit Build 26100 (10.0.26100.3323)
OS uptime: 0 days 5:06 hours
Hyper-V role detected

CPU: total 16 (initial active 16) (16 cores per cpu, 2 threads per core) family 25 model 80 stepping 0 microcode 0xa50000f, cx8, cmov, fxsr, ht, mmx, 3dnowpref, sse, sse2, sse3, ssse3, sse4a, sse4.1, sse4.2, popcnt, lzcnt, tsc, tscinvbit, avx, avx2, aes, erms, clmul, bmi1, bmi2, adx, sha, fma, vzeroupper, clflush, clflushopt, hv, rdtscp, rdpid, fsrm, f16c, cet_ss
Processor Information for the first 16 processors :
  Max Mhz: 3201, Current Mhz: 3201, Mhz Limit: 3201

Memory: 4k page, system-wide physical 15709M (4806M free)
TotalPageFile size 26973M (AvailPageFile size 12613M)
current process WorkingSet (physical memory assigned to process): 260M, peak: 260M
current process commit charge ("private bytes"): 315M, peak: 373M

vm_info: OpenJDK 64-Bit Server VM (21.0.6+7-LTS) for windows-amd64 JRE (21.0.6+7-LTS), built on 2025-01-07T23:42:01Z by "Administrator" with MS VC++ 16.10 / 16.11 (VS2019)

END.
